Shipment_ID,Supplier_ID,Country,Product_Type,Monthly_Demand_Tons,Shipment_Volume_Tons,Route_Risk_Score,Historical_Delay_Days,Fuel_Price_USD,Political_Risk_Index,Port_Congestion_Index,Inventory_Days,Supplier_Reliability,Alternative_Supplier_Count,Transit_Time_Days,Delay_Probability,Current_Delay_Days,Freight_Cost_USD,Revenue_Impact_USD,Disruption_Event
SHP0001,SUP039,Oman,Electronics,38384,7088,4.33,15,69.9,4.37,3.96,64,0.86,9,26,0.33,6,183213.04,345791.65,0
SHP0002,SUP029,Iraq,Crude Oil,17393,9116,4.37,17,85.15,8.98,1.47,35,0.54,3,8,0.48,9,261957.42,560978.97,0
SHP0003,SUP015,Oman,Electronics,11617,6804,5.27,15,76.51,2.36,5.05,15,0.68,0,15,0.43,18,172895.04,803773.25,0
SHP0004,SUP043,Germany,Crude Oil,39520,7845,5.0,9,79.95,2.37,3.29,6,0.92,7,12,0.19,8,240963.11,627069.58,0
SHP0005,SUP008,Iraq,LNG,10852,13416,9.95,17,96.8,3.96,4.17,31,0.61,1,13,0.48,4,314719.51,767940.98,0
SHP0006,SUP021,Oman,Crude Oil,32401,8375,5.91,5,88.98,1.49,7.35,6,0.56,10,30,0.53,3,206179.24,537459.79,0
SHP0007,SUP039,Iraq,Fertilizer,7295,9586,1.79,18,120.49,2.64,5.69,25,0.66,0,6,0.24,4,306448.61,446106.65,0
SHP0008,SUP019,Iraq,Petrochemicals,36993,7133,6.46,3,111.17,9.69,2.12,62,0.61,6,20,0.64,30,189317.39,877107.52,1
SHP0009,SUP023,Kuwait,LNG,35084,1097,2.36,12,85.87,4.85,9.65,9,0.95,9,35,0.38,4,66694.88,165951.51,0
SHP0010,SUP011,Qatar,Crude Oil,46105,3562,1.28,13,81.25,6.69,6.72,56,0.93,8,10,0.37,14,102249.62,357649.12,0
SHP0011,SUP011,Qatar,Electronics,40575,2836,9.74,2,115.74,7.54,7.89,49,0.74,10,57,0.87,18,109362.14,512639.82,1
SHP0012,SUP024,Kuwait,LNG,37451,13380,7.96,9,119.9,4.3,1.71,89,0.53,8,25,0.48,14,341351.02,822747.54,0
SHP0013,SUP036,Singapore,LNG,8227,10379,9.82,5,62.09,2.33,1.42,24,0.85,2,30,0.41,13,221105.96,613988.71,0
SHP0014,SUP040,UAE,Crude Oil,32910,1072,5.3,0,96.39,2.86,1.18,65,0.81,5,23,0.24,9,111066.39,307207.88,0
SHP0015,SUP024,Singapore,LNG,37041,8021,5.79,13,91.22,3.82,2.7,42,0.98,6,32,0.32,15,165314.79,803754.59,0
SHP0016,SUP003,Saudi Arabia,Electronics,24384,6671,2.52,7,104.74,6.72,4.73,24,0.77,9,12,0.48,12,170193.56,510467.9,0
SHP0017,SUP022,Saudi Arabia,LNG,1145,7597,3.22,18,124.14,4.58,9.42,29,0.66,8,18,0.5,14,237605.37,507803.74,0
SHP0018,SUP002,Iraq,Electronics,38778,2590,8.55,13,87.74,1.06,5.11,6,0.75,1,28,0.34,3,160902.42,-31337.22,0
SHP0019,SUP024,Oman,Crude Oil,17035,14492,4.21,9,64.09,5.71,3.61,36,0.98,7,52,0.4,15,323483.06,1208800.01,0
SHP0020,SUP044,Oman,Petrochemicals,4040,7066,8.44,16,103.69,9.29,6.06,30,0.84,6,48,0.69,11,192458.28,584439.09,1
SHP0021,SUP030,Qatar,LNG,43422,12361,7.38,8,115.85,8.31,2.01,74,0.83,3,41,0.57,15,270492.06,857250.67,1
SHP0022,SUP038,India,Petrochemicals,27160,12964,2.59,5,90.44,8.43,6.49,45,0.62,1,60,0.43,8,286268.62,771808.84,0
SHP0023,SUP002,Singapore,Electronics,18633,5124,5.57,10,84.42,8.16,6.12,71,0.86,7,30,0.65,24,158493.48,544866.77,1
SHP0024,SUP021,Germany,LNG,30344,2133,7.1,6,88.44,3.91,8.13,5,0.87,10,35,0.53,9,38415.24,348639.85,0
SHP0025,SUP033,China,Fertilizer,18014,13753,3.12,16,107.75,7.89,9.88,55,0.66,4,60,0.57,15,297352.9,1187660.77,1
SHP0026,SUP012,Oman,Petrochemicals,15996,2017,8.48,0,88.18,2.29,3.26,9,0.74,5,55,0.37,15,84723.32,322574.3,0
SHP0027,SUP022,China,LNG,42621,12985,5.9,4,99.93,6.92,5.59,17,0.64,10,36,0.47,16,305951.74,1207595.7,0
SHP0028,SUP044,Iraq,Petrochemicals,12695,11349,2.49,8,95.42,6.77,9.18,23,0.63,6,54,0.69,33,278987.91,1215809.51,1
SHP0029,SUP025,China,LNG,3852,4148,6.25,17,93.87,1.23,8.07,16,0.51,9,45,0.56,21,131433.97,794075.31,1
SHP0030,SUP049,Germany,Crude Oil,17014,13640,10.0,20,105.52,8.09,5.39,52,0.64,0,6,0.69,3,345112.2,772722.1,1
SHP0031,SUP027,Kuwait,Petrochemicals,28042,12280,2.35,1,87.82,9.13,9.51,29,0.77,7,29,0.67,32,295037.21,1284613.12,1
SHP0032,SUP042,Germany,Fertilizer,34755,2037,8.35,10,88.54,3.41,1.52,61,0.5,3,56,0.52,4,96396.1,366242.57,0
SHP0033,SUP028,China,Fertilizer,41390,14857,2.87,5,106.96,8.31,9.38,39,0.64,8,48,0.49,8,372307.26,981120.39,0
SHP0034,SUP016,Germany,Electronics,24711,13868,8.04,7,80.2,1.74,1.45,80,0.93,0,6,0.3,2,330642.22,770884.81,0
SHP0035,SUP015,UAE,LNG,27122,3637,7.61,3,81.8,6.4,5.93,9,0.79,10,46,0.63,22,87292.04,427716.32,1
SHP0036,SUP047,Iraq,Petrochemicals,10160,7485,3.7,17,76.1,5.37,9.01,26,0.8,1,5,0.49,12,194649.17,463529.14,0
SHP0037,SUP044,Singapore,Electronics,28213,597,3.93,10,107.74,5.91,3.36,81,0.7,5,40,0.35,9,123645.82,255705.5,0
SHP0038,SUP003,Kuwait,Petrochemicals,40420,11907,8.13,4,93.42,9.34,5.25,61,0.83,10,16,0.73,16,320786.68,1062128.33,1
SHP0039,SUP037,Oman,LNG,8421,14691,5.15,14,75.3,8.84,3.92,51,0.59,9,13,0.41,10,335805.26,947395.11,0
SHP0040,SUP007,Saudi Arabia,Fertilizer,22400,13222,7.58,17,107.81,8.07,9.57,58,0.9,10,40,0.71,9,317245.34,781969.54,1
SHP0041,SUP021,Singapore,Crude Oil,34537,13424,2.33,1,86.67,3.46,8.41,7,0.56,0,45,0.25,7,323607.59,627282.96,0
SHP0042,SUP009,Saudi Arabia,Fertilizer,18727,4250,8.67,10,81.92,9.21,7.38,57,0.82,3,32,0.63,27,166269.2,674141.49,1
SHP0043,SUP039,Iraq,Electronics,47882,11849,7.4,12,92.06,1.88,6.29,88,0.67,7,42,0.38,9,290404.96,785548.11,0
SHP0044,SUP018,Kuwait,Crude Oil,5358,13375,9.16,3,117.18,8.68,8.39,35,0.87,9,37,0.78,22,341352.12,1023104.33,1
SHP0045,SUP004,Qatar,Electronics,29482,9035,2.19,6,89.08,3.95,4.53,73,0.77,4,46,0.23,6,226399.91,475305.37,0
SHP0046,SUP025,Oman,LNG,33117,8674,6.34,10,103.63,1.48,5.03,37,0.72,8,50,0.27,7,198932.44,568588.27,0
SHP0047,SUP014,UAE,Crude Oil,24164,8603,6.39,3,105.91,7.02,7.57,76,0.58,10,26,0.62,4,234351.08,654991.17,1
SHP0048,SUP050,Qatar,Electronics,32910,5913,4.18,14,101.65,3.08,4.22,54,0.81,10,29,0.44,16,167440.58,684121.94,0
SHP0049,SUP009,Iraq,LNG,33496,14767,5.13,0,114.07,3.19,1.58,88,0.98,5,22,0.36,3,336844.36,826937.18,0
SHP0050,SUP026,Singapore,Fertilizer,45311,5166,1.34,2,84.39,3.75,1.67,20,0.9,0,10,0.34,10,203515.03,477148.64,0
SHP0051,SUP002,UAE,LNG,30371,1110,7.71,13,79.35,1.57,2.04,80,0.53,5,22,0.47,16,112006.72,430617.67,0
SHP0052,SUP020,Germany,Petrochemicals,39467,2227,5.94,5,79.06,2.59,8.83,81,0.68,5,56,0.42,16,52529.03,420336.84,0
SHP0053,SUP028,China,LNG,18625,10982,1.52,17,92.83,1.05,5.25,43,0.95,5,20,0.24,10,239393.64,707991.84,0
SHP0054,SUP047,UAE,LNG,34893,2354,7.13,0,80.79,5.01,7.42,50,0.75,7,19,0.54,24,96097.14,671519.4,0
SHP0055,SUP007,Iraq,Petrochemicals,11793,11300,5.2,5,97.21,1.76,4.54,51,0.82,5,52,0.41,11,261949.03,762460.47,0
SHP0056,SUP044,India,Electronics,32007,5555,1.31,5,96.15,7.14,3.33,48,0.95,4,12,0.32,3,186432.55,218890.26,0
SHP0057,SUP008,China,Electronics,26766,10771,9.73,20,110.28,3.12,4.12,13,0.93,10,17,0.45,9,244794.45,862880.0,0
SHP0058,SUP047,Saudi Arabia,LNG,40532,2824,9.54,15,99.37,9.49,8.15,54,0.75,1,59,0.89,5,159083.96,54207.27,1
SHP0059,SUP035,Oman,Petrochemicals,13323,13319,5.62,4,88.76,8.84,6.63,81,0.71,3,47,0.62,17,309429.83,1157782.28,1
SHP0060,SUP014,Saudi Arabia,Petrochemicals,46799,9869,1.84,16,101.16,3.6,9.44,64,0.67,9,11,0.31,6,248354.64,664095.52,0
SHP0061,SUP017,UAE,Fertilizer,47820,9783,7.79,9,79.55,8.05,7.12,19,0.85,4,21,0.62,30,239304.42,992234.93,1
SHP0062,SUP036,Saudi Arabia,Electronics,46408,14689,5.43,20,94.43,8.23,6.13,40,0.64,9,54,0.51,2,327420.76,776875.46,0
SHP0063,SUP050,Iraq,Crude Oil,8843,13671,3.72,17,99.79,9.88,6.49,67,0.62,3,36,0.48,4,264990.72,720663.66,0
SHP0064,SUP040,Germany,Electronics,15210,6274,5.42,6,96.94,6.38,9.48,73,0.67,1,26,0.53,4,190841.78,474472.57,0
SHP0065,SUP004,Singapore,Electronics,17456,7019,5.7,2,101.23,1.74,8.09,90,0.59,6,59,0.44,21,197703.61,849743.13,0
SHP0066,SUP002,Oman,Fertilizer,32367,11483,6.06,12,85.34,6.82,1.22,84,0.84,9,55,0.45,14,246332.29,900286.35,0
SHP0067,SUP006,Saudi Arabia,Crude Oil,11106,14914,4.97,14,112.28,6.62,5.81,45,0.8,9,17,0.45,7,391198.89,960338.31,0
SHP0068,SUP042,Saudi Arabia,Fertilizer,38957,2249,6.45,19,122.33,6.75,7.2,78,0.74,1,51,0.69,29,158429.14,680966.76,1
SHP0069,SUP004,UAE,Crude Oil,3472,11367,9.27,18,70.96,3.76,7.74,28,0.69,0,27,0.43,3,334539.7,804517.51,0
SHP0070,SUP029,Singapore,LNG,7704,1281,4.26,2,76.77,8.74,2.92,86,0.95,4,58,0.49,2,109518.86,226410.69,0
SHP0071,SUP018,Qatar,Crude Oil,4713,8048,7.53,3,95.65,9.64,8.8,53,0.51,0,33,0.72,22,202080.95,794699.43,1
SHP0072,SUP026,Saudi Arabia,Fertilizer,6051,11740,9.05,4,91.15,2.96,9.6,22,0.88,0,26,0.52,14,257066.32,948086.17,0
SHP0073,SUP044,Iraq,Electronics,11756,7323,5.1,0,123.45,1.79,3.13,11,0.94,0,5,0.32,15,215744.83,738508.23,0
SHP0074,SUP034,India,Crude Oil,3475,2605,4.99,3,98.3,2.75,8.94,8,0.72,5,33,0.42,9,105531.14,284273.83,0
SHP0075,SUP010,Oman,Crude Oil,37378,4367,6.42,11,115.89,8.38,1.87,73,0.77,8,52,0.61,7,174581.5,324524.34,1
SHP0076,SUP036,Saudi Arabia,Petrochemicals,5255,7693,6.32,9,64.26,7.09,1.5,64,0.96,9,9,0.53,25,143718.08,1006100.8,0
SHP0077,SUP014,Iraq,Electronics,15484,5476,8.26,20,107.21,6.72,2.16,59,0.6,10,39,0.69,4,203754.6,352330.62,1
SHP0078,SUP031,Iraq,LNG,35503,13234,5.29,19,84.27,4.62,1.52,20,0.75,0,59,0.32,10,308363.89,887717.19,0
SHP0079,SUP048,Oman,Fertilizer,9258,2613,9.97,12,84.03,6.2,8.61,86,0.73,4,14,0.82,27,130231.93,810760.41,1
SHP0080,SUP015,Qatar,LNG,41747,6379,1.54,13,91.27,3.77,1.53,33,0.63,8,23,0.1,4,153513.61,652283.9,0
SHP0081,SUP008,Iraq,Electronics,36196,14065,1.03,4,73.63,5.29,3.44,27,0.9,8,41,0.25,12,319474.66,890587.51,0
SHP0082,SUP014,India,Crude Oil,46113,4470,6.76,3,101.64,8.14,1.93,18,0.94,0,11,0.48,17,200747.3,541409.97,0
SHP0083,SUP023,Iraq,Crude Oil,41194,10683,3.69,13,97.86,9.83,3.66,83,0.88,7,50,0.55,2,244766.78,581550.4,0
SHP0084,SUP040,Iraq,Electronics,9533,9759,3.16,9,98.99,9.39,1.82,53,0.6,0,39,0.47,19,228218.33,877623.64,0
SHP0085,SUP021,Iraq,Crude Oil,33581,7764,3.81,16,108.31,9.4,7.01,37,0.54,7,49,0.48,8,247758.72,585835.49,0
SHP0086,SUP016,Germany,Crude Oil,6249,2077,3.3,9,117.72,4.62,2.2,29,0.8,0,17,0.35,5,102490.47,154832.15,0
SHP0087,SUP045,Germany,Crude Oil,20201,9703,1.28,6,89.54,5.22,8.67,25,0.53,4,14,0.34,4,239287.48,438530.9,0
SHP0088,SUP018,Qatar,Fertilizer,10686,2774,9.74,15,102.16,7.35,8.35,21,0.83,7,6,0.66,19,175931.98,694082.52,1
SHP0089,SUP047,Saudi Arabia,Fertilizer,47877,5369,2.99,0,99.39,9.3,1.12,27,0.76,5,10,0.41,9,149943.93,509658.25,0
SHP0090,SUP024,Iraq,Petrochemicals,33007,10506,7.61,16,100.66,2.28,9.06,61,0.82,8,12,0.4,8,315969.26,643446.43,0
SHP0091,SUP026,Singapore,LNG,1661,7244,7.86,20,100.89,3.74,1.26,85,0.79,0,40,0.49,10,201030.55,605911.3,0
SHP0092,SUP025,Saudi Arabia,Electronics,45843,2926,9.36,8,118.86,2.25,3.16,62,0.71,8,29,0.45,3,114119.96,389595.05,0
SHP0093,SUP045,Qatar,Electronics,31137,13989,1.27,5,88.1,6.51,1.29,18,0.6,0,48,0.26,2,340393.12,660647.84,0
SHP0094,SUP041,Kuwait,Electronics,48556,6046,8.85,18,72.11,3.76,4.02,24,0.65,9,51,0.5,13,169748.44,583414.02,0
SHP0095,SUP029,Saudi Arabia,Petrochemicals,43828,7352,5.75,12,84.53,3.93,5.62,34,0.76,9,44,0.56,7,200355.41,368613.53,1
SHP0096,SUP015,Saudi Arabia,Fertilizer,49604,13094,6.69,2,106.36,1.64,8.17,23,0.82,2,11,0.57,18,297718.45,1002865.84,1
SHP0097,SUP045,China,Petrochemicals,11526,13566,6.8,6,95.35,4.15,4.04,57,0.88,0,50,0.55,20,323481.59,1139959.54,0
SHP0098,SUP001,UAE,Electronics,4374,3051,8.38,8,87.99,8.76,7.35,60,0.88,2,27,0.7,32,63281.08,681077.67,1
SHP0099,SUP025,China,LNG,26592,6911,4.0,4,78.85,3.1,2.69,81,0.98,10,23,0.2,6,194040.94,446829.86,0
SHP0100,SUP007,India,Crude Oil,29982,12349,7.6,9,98.32,7.26,7.76,86,0.64,1,50,0.64,21,339855.48,1117442.73,1
SHP0101,SUP009,Germany,Fertilizer,1207,507,5.76,16,104.67,6.67,3.12,27,0.53,1,26,0.49,15,39899.14,384270.01,0
SHP0102,SUP024,Germany,Fertilizer,36433,8587,8.14,11,99.59,8.77,2.29,66,0.67,8,17,0.66,14,222034.74,593586.83,1
SHP0103,SUP001,UAE,Petrochemicals,24197,3055,9.91,15,91.2,2.19,2.67,37,0.86,7,25,0.49,21,101710.81,610127.49,0
SHP0104,SUP044,Oman,Fertilizer,34400,975,2.81,2,97.2,9.8,2.64,22,0.71,0,5,0.36,5,49978.38,204621.88,0
SHP0105,SUP008,Oman,Electronics,4083,5916,9.95,8,97.11,6.24,5.62,77,0.9,3,23,0.61,28,122589.77,866598.55,1
SHP0106,SUP024,Qatar,Electronics,30328,10903,1.81,14,97.85,9.96,8.6,37,0.77,0,37,0.48,4,239108.92,734083.93,0
SHP0107,SUP011,UAE,Petrochemicals,47479,9176,1.02,4,77.24,9.2,1.72,36,0.96,0,8,0.39,5,219688.7,499855.27,0
SHP0108,SUP017,Saudi Arabia,Electronics,43891,7739,1.4,12,97.96,2.99,7.36,65,0.96,3,46,0.33,8,252144.11,588198.45,0
SHP0109,SUP008,Oman,LNG,21103,7210,4.08,13,88.39,1.51,6.89,58,0.53,1,7,0.38,10,154810.56,443979.97,0
SHP0110,SUP035,Iraq,Petrochemicals,40891,5500,6.7,19,110.61,3.3,8.85,21,0.72,2,31,0.53,22,196319.78,554937.42,0
SHP0111,SUP035,Singapore,LNG,11754,5154,1.62,14,96.99,5.75,3.2,23,0.8,10,56,0.13,0,176953.25,335807.9,0
SHP0112,SUP033,Saudi Arabia,Crude Oil,35447,8578,1.05,15,107.53,2.54,5.05,74,0.63,8,45,0.08,3,290586.89,490956.25,0
SHP0113,SUP005,India,LNG,16901,6563,9.43,12,90.47,2.51,9.33,38,0.7,1,39,0.58,20,207640.94,681808.24,1
SHP0114,SUP042,Iraq,Crude Oil,34004,2785,8.4,16,91.01,5.16,6.94,88,0.83,3,32,0.6,27,141795.98,572734.4,1
SHP0115,SUP039,Iraq,Crude Oil,8446,5723,8.28,7,117.41,1.3,4.5,29,0.61,0,10,0.52,21,217921.01,788860.24,0
SHP0116,SUP041,UAE,LNG,38211,14021,8.96,20,101.55,2.1,2.18,72,0.79,1,10,0.43,2,305891.04,590248.56,0
SHP0117,SUP028,Qatar,Petrochemicals,49231,7471,7.3,1,84.28,4.74,3.36,78,0.84,4,59,0.39,2,184717.32,512837.75,0
SHP0118,SUP007,India,Electronics,30301,13255,1.94,4,108.45,1.57,6.23,78,0.54,9,48,0.29,12,358856.04,947849.74,0
SHP0119,SUP009,Oman,Electronics,27116,4025,4.59,5,87.0,4.57,7.46,89,0.74,0,27,0.45,20,80526.0,455470.86,0
SHP0120,SUP008,UAE,Crude Oil,42323,12031,7.51,11,98.39,5.27,2.12,15,0.63,10,37,0.43,20,274800.67,1014146.14,0
SHP0121,SUP012,Oman,Crude Oil,19752,3322,3.52,17,122.55,5.06,6.4,20,0.85,6,20,0.27,10,117911.72,631472.49,0
SHP0122,SUP034,UAE,Petrochemicals,33376,5443,7.19,0,73.53,8.82,5.95,65,0.59,3,28,0.64,29,163825.32,971091.83,1
SHP0123,SUP033,UAE,Fertilizer,17669,7030,1.22,16,92.36,5.77,5.63,84,0.94,5,9,0.35,8,187779.74,428697.28,0
SHP0124,SUP048,UAE,LNG,33916,11616,3.76,10,101.12,5.21,7.21,11,0.71,7,45,0.35,12,308763.11,892470.57,0
SHP0125,SUP023,Qatar,Crude Oil,14395,758,5.94,9,106.47,4.7,8.54,20,0.6,5,46,0.58,4,95550.15,-23691.31,1
SHP0126,SUP024,UAE,Electronics,21421,782,6.69,18,76.38,8.36,3.91,20,0.71,1,17,0.62,30,28797.23,501968.58,1
SHP0127,SUP037,Kuwait,Petrochemicals,27342,14437,6.19,13,71.96,9.06,9.0,44,0.7,0,51,0.67,32,272437.97,1355119.43,1
SHP0128,SUP035,Singapore,LNG,5895,2398,7.28,9,111.36,8.68,2.45,16,0.71,7,16,0.57,8,132070.54,335065.23,1
SHP0129,SUP044,Oman,Petrochemicals,12023,4635,1.05,14,84.19,7.06,2.56,39,0.79,7,9,0.38,17,127647.95,652883.03,0
SHP0130,SUP040,Saudi Arabia,LNG,11699,7129,1.91,18,83.57,2.24,3.4,25,0.76,8,41,0.23,2,179198.98,478968.37,0
SHP0131,SUP022,China,LNG,10715,11668,8.82,3,118.25,3.49,2.08,54,0.57,5,35,0.4,11,332776.46,852875.01,0
SHP0132,SUP027,India,Crude Oil,20169,10959,7.14,1,96.05,1.41,3.07,47,0.53,0,32,0.34,13,296872.98,646550.89,0
SHP0133,SUP035,Germany,Petrochemicals,17163,3700,2.02,8,96.14,9.38,1.96,21,0.86,8,32,0.44,16,197444.02,498906.84,0
SHP0134,SUP001,Qatar,Petrochemicals,6782,5610,8.58,9,92.3,6.95,8.4,36,0.77,2,34,0.51,6,165329.93,497368.19,0
SHP0135,SUP035,Saudi Arabia,Electronics,23641,7667,3.18,10,76.64,7.72,2.25,45,0.68,10,22,0.31,3,180083.6,487679.09,0
SHP0136,SUP037,Iraq,Electronics,19792,1112,5.3,13,105.14,3.8,7.73,10,0.9,5,48,0.51,11,116673.67,293810.6,0
SHP0137,SUP047,Kuwait,Crude Oil,36585,14703,2.31,6,101.14,8.61,1.43,31,0.69,9,31,0.46,8,328742.17,928072.59,0
SHP0138,SUP014,Germany,Crude Oil,31682,1187,7.39,14,97.53,3.34,9.54,24,0.89,9,39,0.63,14,83548.17,370601.99,1
SHP0139,SUP003,China,Fertilizer,48864,4190,7.0,18,93.26,1.01,7.4,29,0.65,10,30,0.49,8,143964.95,173010.27,0
SHP0140,SUP001,Saudi Arabia,Electronics,19880,9304,2.9,14,90.62,4.39,1.06,70,0.54,8,43,0.26,11,289550.47,800689.11,0
SHP0141,SUP005,Germany,LNG,39067,2807,8.77,7,108.69,6.14,7.87,13,0.96,10,53,0.57,11,158596.97,349296.71,1
SHP0142,SUP026,Saudi Arabia,Petrochemicals,43685,7633,4.61,10,92.88,5.31,5.63,57,0.69,2,55,0.42,16,235962.61,772408.65,0
SHP0143,SUP014,Kuwait,Crude Oil,19073,11705,3.63,8,94.04,8.76,8.01,65,0.89,4,22,0.39,12,334157.63,594685.45,0
SHP0144,SUP039,China,Petrochemicals,37035,7009,2.37,14,102.95,1.95,5.7,42,0.64,4,37,0.36,16,235597.99,836549.19,0
SHP0145,SUP027,Iraq,Petrochemicals,38174,10473,3.4,0,98.12,5.98,6.77,7,0.82,9,29,0.37,7,233067.83,548008.84,0
SHP0146,SUP009,UAE,Fertilizer,25837,6406,1.2,0,119.63,5.62,8.08,88,0.93,6,60,0.33,15,237633.47,874434.1,0
SHP0147,SUP015,Oman,Electronics,18826,3091,6.25,18,68.58,3.53,4.65,74,0.52,3,35,0.5,6,140929.65,486474.04,0
SHP0148,SUP015,Iraq,Crude Oil,25981,11388,8.58,2,99.5,8.4,1.02,59,0.91,10,41,0.44,2,304139.95,476908.4,0
SHP0149,SUP026,UAE,Petrochemicals,11382,14335,5.94,9,84.42,7.78,8.65,5,0.78,3,6,0.52,25,319702.74,1298453.67,0
SHP0150,SUP042,Qatar,Crude Oil,5437,14718,2.97,7,80.87,7.6,4.43,74,0.8,6,37,0.44,17,346009.95,974178.81,0
SHP0151,SUP013,Singapore,LNG,6435,12650,1.3,14,88.14,8.89,5.46,49,0.76,8,43,0.46,5,297604.81,668559.4,0
SHP0152,SUP032,India,Fertilizer,25819,7683,2.93,9,95.82,7.51,1.07,51,0.93,10,47,0.34,3,185607.35,382466.74,0
SHP0153,SUP039,India,LNG,37875,5748,4.75,0,96.49,3.09,5.43,83,0.52,3,47,0.36,10,158766.99,532193.07,0
SHP0154,SUP049,Oman,Crude Oil,32982,9266,7.84,17,72.24,7.35,9.88,30,0.63,3,36,0.79,25,245691.68,995763.68,1
SHP0155,SUP032,China,Crude Oil,34328,10602,2.69,1,86.88,3.77,3.5,18,0.93,5,22,0.33,15,233165.39,709940.92,0
SHP0156,SUP004,Kuwait,Electronics,13329,5608,7.48,18,99.22,3.18,4.56,58,0.87,5,21,0.49,10,155973.39,524395.14,0
SHP0157,SUP030,China,Petrochemicals,26169,4104,8.8,12,81.85,1.66,7.18,75,0.51,6,38,0.56,22,161953.53,624789.09,1
SHP0158,SUP037,Kuwait,Petrochemicals,22932,1169,5.09,0,78.28,7.7,8.33,50,0.75,0,43,0.55,13,87679.67,136394.71,0
SHP0159,SUP023,China,LNG,35594,4864,8.39,1,61.16,7.4,4.76,35,0.76,10,11,0.78,5,153795.8,299796.77,1
SHP0160,SUP039,Singapore,Fertilizer,12421,7829,5.99,15,85.05,3.11,3.79,63,0.7,2,46,0.19,7,172091.46,697492.69,0
SHP0161,SUP045,Qatar,Petrochemicals,46033,1783,6.73,14,77.76,7.74,9.44,33,0.65,8,58,0.77,23,110784.89,509121.87,1
SHP0162,SUP015,Qatar,Electronics,8629,1423,5.74,12,80.24,9.26,7.09,21,0.83,5,57,0.69,13,70005.16,147596.32,1
SHP0163,SUP043,UAE,LNG,9325,1625,5.17,15,90.92,1.97,2.07,18,0.6,5,39,0.3,3,71479.48,222696.67,0
SHP0164,SUP029,Germany,LNG,29495,2029,3.11,16,86.0,3.09,1.62,40,0.89,4,34,0.24,4,90161.65,88698.98,0
SHP0165,SUP036,Qatar,Electronics,32750,14546,3.73,20,77.51,7.75,5.35,62,0.89,10,16,0.46,3,364697.95,808742.89,0
SHP0166,SUP013,Qatar,Fertilizer,30619,10286,3.61,6,63.26,3.47,2.98,28,0.7,2,39,0.38,1,224822.38,517101.35,0
SHP0167,SUP032,Iraq,Electronics,41461,8938,6.07,16,99.53,6.62,3.29,67,0.64,10,15,0.47,6,306549.72,743067.02,0
SHP0168,SUP007,Iraq,Fertilizer,9264,4211,2.08,6,106.29,1.73,8.9,29,0.64,4,48,0.24,8,98964.66,353421.67,0
SHP0169,SUP022,UAE,Electronics,13686,8504,9.25,12,89.05,5.07,1.81,63,0.74,0,8,0.58,26,177923.66,830741.07,1
SHP0170,SUP028,Germany,Electronics,47484,10252,7.49,4,91.01,7.65,7.44,36,0.85,2,29,0.77,23,297069.56,925715.24,1
SHP0171,SUP002,Oman,Crude Oil,25226,6774,4.61,16,95.04,7.18,3.44,86,0.68,3,52,0.29,6,245232.14,335822.39,0
SHP0172,SUP042,Iraq,LNG,7721,11092,2.43,2,118.68,8.34,7.84,22,0.8,4,36,0.68,25,268696.28,1033673.53,1
SHP0173,SUP045,Oman,Electronics,21609,10935,8.94,6,71.48,8.9,7.5,41,0.69,9,24,0.65,8,256080.81,883729.07,1
SHP0174,SUP006,Saudi Arabia,Electronics,8373,4364,8.41,16,88.78,7.96,1.07,30,0.65,8,54,0.48,8,170941.7,503046.8,0
SHP0175,SUP028,Iraq,Petrochemicals,39675,10631,7.5,6,69.17,7.04,5.58,13,0.51,3,35,0.49,4,239812.73,815669.05,0
SHP0176,SUP028,Singapore,LNG,49895,13717,3.44,20,100.43,1.29,2.25,68,0.5,2,8,0.2,9,331746.01,913775.01,0
SHP0177,SUP044,Germany,Petrochemicals,29937,8333,4.62,0,92.84,5.81,8.8,76,0.61,9,58,0.41,6,224593.99,550960.02,0
SHP0178,SUP044,UAE,LNG,6656,11761,1.92,16,98.04,1.34,8.84,24,0.7,0,42,0.19,0,245686.59,488220.69,0
SHP0179,SUP020,Saudi Arabia,Petrochemicals,9984,7288,2.7,16,97.3,8.27,4.77,58,0.92,9,57,0.38,11,198684.16,611366.78,0
SHP0180,SUP030,Germany,Electronics,30984,726,8.05,10,109.86,3.89,5.0,90,0.89,5,51,0.51,4,101326.95,103263.87,0
SHP0181,SUP011,Singapore,Electronics,9286,12239,7.44,2,103.07,6.06,3.73,87,0.63,6,5,0.54,21,305851.66,1109812.74,0
SHP0182,SUP028,Germany,Crude Oil,6901,764,6.34,14,107.46,3.52,7.45,34,0.62,9,7,0.58,8,47804.82,85974.5,1
SHP0183,SUP025,Singapore,Petrochemicals,32552,10087,9.06,20,79.02,8.04,4.23,57,0.61,7,41,0.74,23,267392.82,969618.25,1
SHP0184,SUP039,Singapore,Fertilizer,26709,12249,6.25,10,112.9,8.98,3.41,67,0.67,0,26,0.64,6,314686.81,575100.29,1
SHP0185,SUP033,Oman,Crude Oil,32055,14245,5.2,15,84.16,4.59,4.89,15,0.74,3,21,0.4,12,292076.41,986011.26,0
SHP0186,SUP001,China,Petrochemicals,38685,1145,4.06,8,85.03,8.77,1.82,35,0.71,10,18,0.29,4,142605.93,204825.19,0
SHP0187,SUP027,Saudi Arabia,Petrochemicals,9429,8044,9.46,0,99.06,3.4,7.72,53,0.61,4,45,0.44,3,213642.46,300048.99,0
SHP0188,SUP013,Germany,Crude Oil,15716,14206,1.74,15,99.53,5.81,1.11,23,0.56,1,39,0.34,12,326882.58,816324.77,0
SHP0189,SUP041,Kuwait,Electronics,49563,6069,9.38,8,78.92,8.73,6.8,16,0.51,0,17,0.79,11,191629.28,393852.0,1
SHP0190,SUP003,Saudi Arabia,Petrochemicals,12138,3490,8.44,18,92.4,3.93,2.65,19,0.58,7,39,0.42,14,193260.03,436737.5,0
SHP0191,SUP039,China,Electronics,36298,14175,2.17,11,117.32,9.59,3.09,35,0.85,5,47,0.31,5,369437.19,669001.54,0
SHP0192,SUP006,Saudi Arabia,Crude Oil,24429,10591,6.08,18,72.97,2.1,6.72,47,0.62,4,6,0.33,3,273797.3,727399.02,0
SHP0193,SUP008,Qatar,Electronics,6772,3004,8.8,8,117.28,1.16,9.94,41,0.73,8,60,0.56,22,117847.34,633815.3,1
SHP0194,SUP027,Kuwait,LNG,49244,11464,6.15,6,91.37,9.14,8.0,83,0.79,10,51,0.66,11,282056.79,853103.96,1
SHP0195,SUP009,China,Fertilizer,49519,14037,9.16,13,59.93,1.62,3.03,33,0.93,10,17,0.51,9,284642.15,722945.21,0
SHP0196,SUP037,Oman,Petrochemicals,36732,13769,9.49,18,74.5,9.93,2.58,30,0.94,1,55,0.65,4,328565.9,897767.81,1
SHP0197,SUP033,Germany,Fertilizer,40905,9846,4.8,18,80.55,9.56,8.8,6,0.87,9,58,0.61,4,265576.97,637260.94,1
SHP0198,SUP042,India,Electronics,18347,1087,4.4,1,85.64,2.23,5.0,88,0.52,7,20,0.41,10,137074.89,186115.44,0
SHP0199,SUP044,China,Petrochemicals,17920,13263,9.43,8,93.43,5.84,2.23,19,0.78,10,22,0.38,8,248727.74,668973.21,0
SHP0200,SUP024,UAE,Electronics,32822,10513,7.08,12,54.45,2.66,8.76,8,0.89,9,11,0.53,20,213876.66,918037.28,0
SHP0201,SUP015,Germany,LNG,47659,9677,2.04,14,97.8,4.85,8.34,90,0.51,8,49,0.36,5,291433.47,537206.86,0
SHP0202,SUP032,China,Crude Oil,41108,4579,1.38,2,79.17,1.55,9.86,54,0.77,0,40,0.35,3,103712.1,246457.32,0
SHP0203,SUP032,Qatar,Petrochemicals,24563,3848,6.08,10,115.86,3.02,9.19,42,0.92,6,45,0.53,7,186121.53,261856.8,0
SHP0204,SUP024,India,LNG,8967,6799,9.37,20,90.95,4.27,8.67,27,0.73,7,34,0.57,25,229162.02,912093.59,1
SHP0205,SUP041,Qatar,LNG,46183,4331,8.6,13,109.14,4.95,1.47,63,0.5,2,46,0.44,16,164419.8,276492.5,0
SHP0206,SUP049,India,Petrochemicals,12871,9933,7.08,7,111.66,9.8,1.94,79,0.51,3,45,0.4,6,225478.06,759642.78,0
SHP0207,SUP049,UAE,Electronics,29763,8881,2.25,17,111.25,8.27,6.12,32,0.7,2,11,0.51,19,245212.41,923861.65,0
SHP0208,SUP012,Germany,LNG,12916,14228,3.29,18,86.5,7.64,5.78,70,0.58,6,19,0.48,17,369064.44,1072468.52,0
SHP0209,SUP039,Oman,Fertilizer,9734,9672,8.88,15,86.31,5.83,5.12,12,0.83,8,44,0.7,10,289314.52,669191.44,1
SHP0210,SUP002,Qatar,LNG,34613,10390,2.65,1,91.63,8.56,4.57,33,0.85,2,23,0.41,17,266560.41,967805.07,0
SHP0211,SUP003,Qatar,Electronics,29179,2215,3.51,7,104.54,4.05,4.88,15,0.59,5,47,0.42,11,94184.87,326524.08,0
SHP0212,SUP049,Singapore,Electronics,36262,11285,2.17,5,87.34,7.38,6.12,22,0.94,7,41,0.33,12,325153.92,776407.05,0
SHP0213,SUP037,India,Fertilizer,13677,12828,7.08,11,93.21,9.94,1.02,59,0.72,5,6,0.35,8,330099.69,915271.81,0
SHP0214,SUP049,Iraq,LNG,19268,6950,9.5,14,99.1,3.83,3.35,54,0.57,1,46,0.51,5,177034.7,656839.57,0
SHP0215,SUP017,Germany,Electronics,13330,13730,3.42,7,81.43,7.07,5.66,18,0.87,6,52,0.4,17,322559.57,929399.32,0
SHP0216,SUP049,India,Petrochemicals,21733,13125,5.28,3,80.48,8.6,7.5,78,0.89,1,59,0.51,24,309536.45,1178729.93,0
SHP0217,SUP002,Singapore,Crude Oil,38947,5933,6.71,14,92.63,9.24,2.57,13,0.81,1,17,0.64,30,161794.15,788010.81,1
SHP0218,SUP002,Saudi Arabia,Crude Oil,28286,1598,10.0,19,94.61,7.46,5.92,15,0.92,1,44,0.79,36,114895.2,850063.97,1
SHP0219,SUP028,India,Crude Oil,7610,7596,1.94,16,101.51,3.55,7.43,67,0.86,10,45,0.33,12,251121.61,541981.85,0
SHP0220,SUP023,Oman,LNG,7430,2826,5.49,12,105.08,3.94,5.0,80,0.93,0,47,0.4,3,126044.52,322454.83,0
SHP0221,SUP037,Germany,Fertilizer,40922,11939,4.47,17,78.51,1.19,1.24,71,0.71,10,47,0.22,8,313958.07,746938.06,0
SHP0222,SUP032,Singapore,Electronics,14828,9587,8.79,1,82.82,7.85,5.04,57,0.87,0,59,0.59,10,186161.36,683997.87,1
SHP0223,SUP033,Saudi Arabia,Petrochemicals,43913,6916,5.28,12,80.44,1.38,3.67,43,0.99,6,35,0.34,13,255388.01,768911.51,0
SHP0224,SUP001,Kuwait,Petrochemicals,32497,7480,2.0,12,116.19,8.78,9.37,82,0.86,4,20,0.4,18,229312.54,660699.71,0
SHP0225,SUP019,Singapore,LNG,40256,7263,6.71,14,93.2,2.07,2.12,60,0.56,10,46,0.25,5,237484.63,531634.22,0
SHP0226,SUP002,Kuwait,Crude Oil,37618,2174,7.94,19,95.24,2.55,6.87,32,0.75,2,60,0.43,20,121882.34,445354.66,0
SHP0227,SUP044,Germany,LNG,47332,11601,1.03,9,95.87,5.29,1.47,79,0.79,0,48,0.27,4,260808.32,779679.75,0
SHP0228,SUP026,Qatar,Fertilizer,27526,8450,8.73,2,84.26,7.64,5.02,43,0.59,10,10,0.61,9,218416.7,781175.54,1
SHP0229,SUP032,Singapore,Fertilizer,31158,9622,2.67,18,118.46,2.25,5.99,29,0.97,9,32,0.39,3,210679.87,514809.28,0
SHP0230,SUP006,UAE,Electronics,26032,13076,5.97,2,101.17,4.96,3.68,25,0.59,5,36,0.5,8,336955.61,594390.96,0
SHP0231,SUP032,Kuwait,Electronics,38846,9415,4.74,13,95.59,5.35,5.1,14,0.59,10,48,0.36,11,251754.94,621936.29,0
SHP0232,SUP004,Oman,Fertilizer,45936,11632,7.48,7,78.42,2.91,2.47,47,0.95,0,14,0.45,20,266365.29,1224863.63,0
SHP0233,SUP011,UAE,Fertilizer,30794,6549,4.34,3,77.57,2.04,3.74,19,0.73,8,54,0.26,7,202518.99,408238.58,0
SHP0234,SUP017,China,Fertilizer,6448,1589,8.83,19,90.37,8.53,6.59,87,0.53,1,22,0.73,33,102023.7,916552.12,1
SHP0235,SUP038,China,LNG,29861,5078,7.57,10,84.5,5.52,3.72,52,0.79,0,8,0.57,3,177208.9,253271.4,1
SHP0236,SUP024,Saudi Arabia,Fertilizer,29141,9627,6.83,10,78.99,1.13,9.1,90,0.79,6,13,0.54,3,265347.5,478250.06,0
SHP0237,SUP005,Qatar,Petrochemicals,10074,10987,8.17,10,89.44,8.23,6.66,25,0.53,5,11,0.68,16,252841.16,947268.76,1
SHP0238,SUP034,Germany,Crude Oil,7406,655,7.79,1,91.75,9.83,4.95,64,0.98,5,54,0.79,25,60127.69,598684.1,1
SHP0239,SUP006,Singapore,Fertilizer,32823,9762,1.32,16,97.13,6.45,1.35,54,0.77,4,12,0.3,8,201743.2,733317.42,0
SHP0240,SUP022,Iraq,Crude Oil,24291,2458,4.55,8,87.44,5.53,5.5,27,0.77,10,47,0.45,3,117872.82,183391.06,0
SHP0241,SUP011,Oman,LNG,42568,11193,9.38,1,79.89,8.91,7.88,17,0.75,3,11,0.73,33,278948.92,1323086.01,1
SHP0242,SUP048,Kuwait,Crude Oil,33003,6844,2.13,14,80.41,9.57,3.39,73,0.8,10,45,0.38,10,147811.54,638350.01,0
SHP0243,SUP016,Germany,LNG,47851,6279,7.63,15,113.19,7.79,8.26,8,0.63,3,44,0.7,32,246185.4,1068852.81,1
SHP0244,SUP033,UAE,Petrochemicals,35406,12911,9.77,3,76.22,5.01,3.27,82,0.64,2,7,0.57,25,268703.94,1083194.09,1
SHP0245,SUP009,China,LNG,24312,6644,1.47,7,100.45,6.33,8.41,76,0.75,9,21,0.43,4,136847.0,515562.92,0
SHP0246,SUP006,Oman,LNG,44108,5563,7.14,8,102.79,7.31,1.77,13,0.9,7,6,0.54,12,227210.69,466016.39,0
SHP0247,SUP016,Iraq,Electronics,2382,4330,5.21,4,93.18,2.75,8.8,39,0.52,6,19,0.46,6,93293.55,320789.88,0
SHP0248,SUP029,Singapore,Fertilizer,35171,9546,6.21,15,121.52,5.02,5.49,25,0.8,8,50,0.64,23,297969.36,919537.3,1
SHP0249,SUP003,Saudi Arabia,Fertilizer,42779,9331,1.77,12,102.53,8.47,3.67,62,0.9,0,33,0.35,10,271615.59,566739.61,0
SHP0250,SUP020,Iraq,Petrochemicals,4292,10930,1.39,6,122.64,6.89,3.39,22,0.58,6,54,0.36,9,304438.62,552948.24,0
SHP0251,SUP036,Oman,Petrochemicals,42779,10294,7.0,19,85.23,4.7,4.89,76,0.51,9,52,0.47,22,237792.75,1077072.4,0
SHP0252,SUP019,Iraq,Fertilizer,34187,7159,8.41,16,85.49,6.97,9.99,85,0.65,3,56,0.51,8,212337.92,447725.05,0
SHP0253,SUP026,Oman,Electronics,13411,941,8.04,2,102.91,2.06,2.98,47,0.79,6,26,0.39,10,130720.55,220076.03,0
SHP0254,SUP003,Oman,Fertilizer,38285,6540,5.89,4,91.08,4.61,1.93,10,0.57,0,8,0.31,12,161009.69,493928.32,0
SHP0255,SUP019,India,Electronics,16422,14626,1.9,18,120.28,8.14,6.27,90,0.71,4,56,0.43,11,388783.21,925634.55,0
SHP0256,SUP020,Kuwait,Petrochemicals,43468,6425,7.19,11,100.13,2.98,5.4,82,0.77,2,10,0.45,14,223680.24,550659.71,0
SHP0257,SUP032,China,Crude Oil,33371,14978,3.18,6,79.33,2.67,5.72,71,0.79,4,42,0.34,8,341859.53,1036808.39,0
SHP0258,SUP007,India,Petrochemicals,6693,7858,9.2,8,68.95,9.56,7.0,16,0.63,3,30,0.71,15,180464.75,633849.59,1
SHP0259,SUP041,Singapore,Petrochemicals,34535,5128,8.54,5,93.83,2.89,3.4,16,0.7,1,15,0.42,14,195431.72,707855.41,0
SHP0260,SUP033,India,LNG,15818,6870,7.38,16,93.66,3.35,9.2,70,0.88,10,30,0.6,24,213837.39,937427.14,1
SHP0261,SUP040,Qatar,LNG,32238,10028,9.54,15,99.71,9.73,4.92,6,0.96,3,21,0.66,16,229793.21,773955.3,1
SHP0262,SUP039,Qatar,LNG,31874,12392,1.28,2,113.16,7.61,2.16,19,0.92,2,28,0.17,3,302563.33,711581.16,0
SHP0263,SUP018,China,LNG,27715,1448,7.63,20,111.19,7.3,7.68,27,0.78,0,32,0.65,18,139587.65,484334.63,1
SHP0264,SUP040,Iraq,Electronics,28605,12065,3.97,3,86.32,8.68,6.79,33,0.7,9,39,0.62,19,289663.42,1067410.72,1
SHP0265,SUP001,Kuwait,Fertilizer,35317,8679,9.15,9,75.59,2.04,3.84,85,0.66,7,35,0.51,22,249273.49,967996.7,0
SHP0266,SUP011,China,Crude Oil,32174,6615,3.4,4,76.49,7.35,6.59,11,0.56,4,17,0.49,13,170012.6,609413.27,0
SHP0267,SUP028,Oman,Petrochemicals,10956,959,7.52,20,83.95,5.53,2.98,32,0.55,3,58,0.59,20,54425.14,352507.69,1
SHP0268,SUP025,UAE,Electronics,39908,8068,8.9,9,89.5,8.46,5.0,18,0.84,9,39,0.75,24,282632.08,947488.83,1
SHP0269,SUP050,Kuwait,Crude Oil,11837,5146,1.37,11,99.58,5.57,9.09,48,0.63,4,20,0.37,12,121865.15,473649.36,0
SHP0270,SUP023,Kuwait,Electronics,4716,892,4.58,9,82.99,6.58,2.2,34,0.62,3,19,0.42,12,67452.81,5679.5,0
SHP0271,SUP031,Oman,Electronics,5481,12630,7.86,12,99.21,5.3,4.48,85,0.99,2,47,0.55,13,315100.44,930527.85,0
SHP0272,SUP030,Oman,Petrochemicals,25282,2287,5.09,10,100.43,5.3,8.39,36,0.59,4,22,0.5,21,151092.52,460938.99,0
SHP0273,SUP042,Saudi Arabia,Fertilizer,7548,13632,3.41,15,97.15,7.91,9.73,74,0.57,3,51,0.64,14,342489.48,915761.19,1
SHP0274,SUP035,China,LNG,38605,7874,2.98,7,78.07,6.66,5.09,10,0.55,0,41,0.39,12,273525.77,634302.11,0
SHP0275,SUP007,Oman,Fertilizer,8758,10949,2.18,7,102.02,6.7,5.56,31,0.78,2,52,0.35,10,275170.05,592085.3,0
SHP0276,SUP016,Qatar,Petrochemicals,44668,1638,8.71,7,126.22,5.05,6.15,86,0.81,9,52,0.37,16,104270.5,415804.15,0
SHP0277,SUP026,Singapore,Petrochemicals,24177,12500,6.18,12,98.69,5.78,9.39,28,0.68,9,53,0.51,21,297361.12,1013329.26,0
SHP0278,SUP048,UAE,Petrochemicals,25022,5241,1.69,1,50.7,7.71,8.72,38,0.76,7,45,0.36,9,125298.7,354328.0,0
SHP0279,SUP049,China,Crude Oil,41761,7918,4.44,11,113.61,8.43,2.54,44,0.89,6,31,0.46,15,231363.15,700524.18,0
SHP0280,SUP002,Germany,Fertilizer,6542,6862,4.31,9,84.46,7.27,4.93,51,0.9,1,59,0.37,7,161609.36,314080.38,0
SHP0281,SUP001,Qatar,Fertilizer,26476,2954,2.64,11,128.99,9.32,5.18,83,0.97,0,39,0.52,3,179885.68,215262.68,0
SHP0282,SUP048,Iraq,Electronics,31784,10158,4.92,10,96.75,8.38,8.1,79,0.9,2,56,0.67,9,271368.91,734959.89,1
SHP0283,SUP012,Oman,Electronics,23740,4174,3.99,14,69.73,6.06,6.43,90,0.78,4,49,0.45,8,92999.58,399224.87,0
SHP0284,SUP005,Germany,Electronics,25817,1877,4.08,15,64.03,7.04,6.89,28,0.59,9,58,0.41,8,114050.75,332738.42,0
SHP0285,SUP037,Oman,Petrochemicals,48596,7201,7.65,16,118.1,9.34,9.98,69,0.55,10,39,0.77,16,199753.55,796585.24,1
SHP0286,SUP032,Kuwait,Fertilizer,17052,3097,3.01,1,111.59,6.57,1.67,22,0.53,0,32,0.49,11,109533.53,366715.23,0
SHP0287,SUP009,Qatar,Petrochemicals,36153,641,6.78,17,128.39,8.42,3.01,48,0.83,2,43,0.68,10,116869.86,341594.95,1
SHP0288,SUP041,Kuwait,Crude Oil,48076,3159,6.14,11,95.16,7.2,4.67,80,0.9,2,42,0.41,3,80254.7,209441.48,0
SHP0289,SUP035,Saudi Arabia,Electronics,1671,5096,6.11,18,94.15,5.97,4.13,61,0.75,4,13,0.36,3,184733.09,244853.91,0
SHP0290,SUP019,Kuwait,Petrochemicals,1163,9531,6.97,17,89.26,3.18,1.19,32,0.53,2,16,0.23,4,157800.79,517274.94,0
SHP0291,SUP048,Saudi Arabia,Petrochemicals,42424,12310,5.94,16,85.13,4.83,1.83,75,0.76,8,19,0.3,9,258803.12,822197.76,0
SHP0292,SUP016,Saudi Arabia,Crude Oil,45002,14470,8.91,5,89.11,9.71,7.13,27,0.96,0,25,0.77,9,379002.12,1012017.78,1
SHP0293,SUP003,Germany,LNG,5795,6161,7.08,14,98.26,6.92,8.91,89,0.79,3,56,0.59,5,168906.22,408196.29,1
SHP0294,SUP020,Oman,Fertilizer,11634,6642,5.92,2,82.34,6.08,5.63,38,0.9,9,39,0.44,4,170080.44,344734.31,0
SHP0295,SUP024,Iraq,LNG,5798,12609,8.47,5,69.96,9.4,5.85,15,0.89,9,46,0.78,15,321139.95,1074876.0,1
SHP0296,SUP033,Kuwait,Electronics,23420,6126,6.46,2,97.4,6.28,3.3,90,0.96,3,37,0.52,9,164402.09,342818.35,0
SHP0297,SUP024,Qatar,Petrochemicals,30300,9287,3.62,0,82.01,5.73,7.91,39,0.88,0,55,0.32,13,255677.15,657629.46,0
SHP0298,SUP011,Saudi Arabia,Crude Oil,25345,10596,2.86,12,46.41,7.83,7.77,46,0.87,1,23,0.57,25,263081.64,1119078.44,1
SHP0299,SUP049,Oman,Crude Oil,11749,8972,2.37,20,103.29,7.41,6.3,32,0.61,10,59,0.47,3,258483.91,685245.72,0
SHP0300,SUP008,UAE,Fertilizer,39595,923,9.1,13,78.38,2.74,2.91,86,0.53,0,27,0.5,20,35971.08,494218.13,0
SHP0301,SUP036,China,LNG,26121,7499,7.39,12,104.93,5.24,1.87,82,0.75,5,17,0.41,8,200806.42,559938.76,0
SHP0302,SUP038,Germany,Fertilizer,38487,13057,9.44,3,104.57,5.25,1.58,86,0.56,2,48,0.5,20,400090.59,1023763.48,0
SHP0303,SUP040,Iraq,Petrochemicals,29411,4749,6.43,6,99.25,4.4,6.33,28,0.97,6,5,0.33,3,150166.29,352257.12,0
SHP0304,SUP020,India,Fertilizer,34361,2250,5.26,9,132.45,5.66,8.43,12,0.64,4,55,0.59,11,236049.88,345436.77,1
SHP0305,SUP035,Germany,Crude Oil,22223,5257,1.54,6,92.93,4.72,8.72,57,0.92,8,33,0.29,9,220238.92,367396.86,0
SHP0306,SUP048,UAE,Crude Oil,8394,2467,7.04,20,90.72,2.79,5.17,76,0.69,6,28,0.36,14,132554.09,372450.62,0
SHP0307,SUP025,China,Electronics,15056,4588,6.24,14,105.26,4.71,8.06,8,0.66,3,20,0.45,18,175709.03,502655.4,0
SHP0308,SUP035,UAE,Electronics,29380,4678,9.91,14,94.17,1.65,9.52,9,0.96,4,29,0.73,29,145595.3,815261.56,1
SHP0309,SUP025,Kuwait,Petrochemicals,27035,8289,3.15,3,112.41,6.18,3.48,53,0.68,4,59,0.31,4,236462.62,510633.95,0
SHP0310,SUP029,Saudi Arabia,LNG,31620,3446,5.78,5,75.97,8.68,4.58,34,0.69,10,27,0.63,28,102142.28,895738.32,1
SHP0311,SUP018,Iraq,Fertilizer,20877,10141,6.86,19,76.22,7.53,9.38,76,0.55,4,32,0.65,26,241605.21,967310.29,1
SHP0312,SUP046,Singapore,Petrochemicals,44404,5894,6.8,4,106.49,4.24,4.04,67,0.83,9,51,0.38,12,150418.15,516622.32,0
SHP0313,SUP018,Saudi Arabia,Electronics,31911,8380,6.05,19,77.53,1.78,9.22,51,0.64,8,20,0.37,6,170390.87,664918.13,0
SHP0314,SUP002,Singapore,Fertilizer,33784,11023,7.99,11,104.14,2.82,9.83,30,0.79,9,47,0.51,4,320756.47,811658.94,0
SHP0315,SUP035,China,Electronics,4191,5575,2.84,0,100.55,5.91,6.96,61,0.79,2,60,0.41,19,132420.71,706221.1,0
SHP0316,SUP016,Oman,Fertilizer,34160,10912,7.53,7,84.58,2.86,8.35,41,0.85,5,42,0.56,25,290664.14,1020243.68,1
SHP0317,SUP041,India,LNG,26000,12481,6.58,0,100.51,5.9,7.75,11,0.87,7,15,0.52,20,248234.53,976748.23,0
SHP0318,SUP036,Qatar,Petrochemicals,40040,7730,9.06,4,76.48,3.08,7.3,44,0.75,10,7,0.51,24,219213.13,682193.32,0
SHP0319,SUP033,Saudi Arabia,Fertilizer,4631,11502,8.62,5,80.0,8.64,3.76,43,0.66,8,19,0.57,9,264808.47,662323.17,1
SHP0320,SUP004,Iraq,Crude Oil,7172,14447,3.84,20,91.44,4.58,1.51,66,0.91,6,5,0.21,4,372837.49,812506.24,0
SHP0321,SUP033,UAE,Crude Oil,43080,14186,3.49,2,96.18,3.21,4.09,82,0.65,2,11,0.2,7,322332.17,831201.41,0
SHP0322,SUP014,Iraq,Fertilizer,24561,13420,9.83,14,90.45,8.31,7.0,57,0.75,0,5,0.81,20,253633.8,1133340.8,1
SHP0323,SUP021,China,Fertilizer,25817,2031,5.75,4,101.5,4.09,1.92,8,0.7,3,53,0.32,6,112116.91,202029.72,0
SHP0324,SUP048,Singapore,Fertilizer,21281,13574,9.16,13,100.83,2.0,1.11,86,0.92,5,36,0.37,7,329785.82,746094.27,0
SHP0325,SUP020,UAE,Crude Oil,29671,3490,2.47,17,117.94,6.13,2.26,29,0.71,2,13,0.26,2,153212.67,248634.43,0
SHP0326,SUP008,Qatar,Crude Oil,26364,7655,6.79,15,93.57,6.23,7.44,11,0.69,0,33,0.55,5,229899.23,733276.52,0
SHP0327,SUP007,Qatar,Fertilizer,42674,4993,8.29,5,112.92,7.43,9.76,32,0.84,5,30,0.74,31,163278.36,837915.08,1
SHP0328,SUP003,Saudi Arabia,Electronics,28425,9835,9.53,13,108.81,3.16,9.85,73,0.8,0,27,0.59,4,226175.91,585638.75,1
SHP0329,SUP017,China,Electronics,29602,1433,4.04,7,129.41,4.99,5.45,71,0.55,8,49,0.41,6,99332.53,276342.56,0
SHP0330,SUP033,Oman,LNG,24253,1960,7.52,6,93.09,3.54,8.82,24,0.75,10,47,0.66,26,94278.98,560838.16,1
SHP0331,SUP048,China,Petrochemicals,24472,14640,5.85,7,88.69,1.73,7.63,87,0.86,0,33,0.34,12,318741.54,1099275.75,0
SHP0332,SUP012,Singapore,Electronics,9080,3223,1.55,12,113.87,8.89,5.51,15,0.99,5,56,0.4,16,221293.67,323245.99,0
SHP0333,SUP022,Iraq,Crude Oil,8099,11204,7.21,5,100.78,7.56,6.15,71,0.81,0,42,0.65,24,319949.16,999427.3,1
SHP0334,SUP022,Qatar,Electronics,26431,785,7.21,17,114.22,3.71,2.24,11,0.68,6,37,0.53,18,126107.28,368127.91,0
SHP0335,SUP046,Iraq,LNG,32186,764,9.38,1,105.75,6.39,9.44,27,0.61,2,11,0.61,15,111732.38,353315.77,1
SHP0336,SUP030,Iraq,LNG,48684,11059,5.48,7,63.4,2.81,4.17,65,0.93,5,16,0.22,6,258775.17,475801.87,0
SHP0337,SUP038,Iraq,Petrochemicals,31111,7316,3.07,10,100.64,9.01,5.02,75,0.9,6,35,0.48,14,221350.02,781073.99,0
SHP0338,SUP038,Qatar,Electronics,40851,12139,1.4,0,99.67,2.03,7.04,38,0.61,0,36,0.24,2,303136.58,688371.76,0
SHP0339,SUP045,Germany,Crude Oil,23614,14924,4.74,5,97.0,1.03,4.01,23,0.6,0,58,0.33,13,347435.57,1118483.14,0
SHP0340,SUP008,Kuwait,Crude Oil,27724,14465,3.72,15,93.02,5.52,3.29,62,0.85,4,24,0.41,14,272030.08,1164553.57,0
SHP0341,SUP027,Singapore,Fertilizer,42991,14014,7.85,19,71.12,6.25,6.68,13,0.65,5,59,0.59,17,298074.18,966643.62,1
SHP0342,SUP027,Germany,Crude Oil,5940,13608,4.19,11,108.11,6.21,1.22,52,0.65,8,55,0.44,2,324222.98,470964.6,0
SHP0343,SUP034,Singapore,Petrochemicals,29758,2262,9.54,10,100.61,1.49,7.49,86,0.57,0,21,0.47,7,98734.81,367736.61,0
SHP0344,SUP021,UAE,Petrochemicals,37224,11740,9.66,9,111.53,3.83,5.63,45,0.63,3,40,0.58,15,283861.09,858361.73,1
SHP0345,SUP030,China,Crude Oil,8788,11073,6.59,2,71.92,5.49,6.45,52,0.71,9,7,0.43,9,265872.47,620333.15,0
SHP0346,SUP033,China,Crude Oil,29082,10961,9.36,12,102.61,2.95,6.69,49,0.86,7,5,0.55,6,302413.7,725679.97,0
SHP0347,SUP028,India,Fertilizer,25034,540,7.85,2,91.48,8.85,5.74,29,0.66,9,54,0.54,25,91881.09,773355.69,0
SHP0348,SUP047,China,Crude Oil,36479,6327,5.92,14,97.16,1.78,6.24,82,0.66,8,31,0.3,2,213887.33,345459.35,0
SHP0349,SUP033,Qatar,Fertilizer,12280,8759,2.62,15,91.65,5.39,7.15,29,0.64,2,57,0.53,21,253785.24,953061.63,0
SHP0350,SUP005,Oman,Fertilizer,19052,1487,5.13,12,103.15,7.22,7.78,23,0.73,10,51,0.41,17,100294.83,315599.72,0
SHP0351,SUP048,Saudi Arabia,Crude Oil,17531,14587,6.05,16,92.56,3.36,7.55,43,0.59,1,44,0.45,16,352373.22,880674.22,0
SHP0352,SUP019,India,LNG,23804,8304,8.78,2,79.22,6.62,8.83,83,0.74,3,37,0.75,11,160456.83,726594.05,1
SHP0353,SUP004,Saudi Arabia,LNG,29903,8289,5.33,19,96.3,8.46,2.7,84,0.85,1,24,0.67,3,214712.24,529057.32,1
SHP0354,SUP035,Singapore,Fertilizer,45857,6217,9.08,10,91.79,2.71,4.61,31,0.51,0,18,0.51,14,170282.45,544279.72,0
SHP0355,SUP049,Saudi Arabia,Crude Oil,11142,12700,7.07,20,93.75,9.25,9.53,78,0.5,2,40,0.73,33,349539.8,1465621.93,1
SHP0356,SUP017,Saudi Arabia,LNG,49355,14443,2.23,18,47.18,5.98,4.57,67,0.54,6,9,0.35,9,307830.62,725701.1,0
SHP0357,SUP044,India,Crude Oil,10866,3698,9.95,10,105.24,3.69,2.12,72,0.76,0,27,0.59,27,110722.38,601896.99,1
SHP0358,SUP028,UAE,Crude Oil,5531,5874,5.75,15,90.28,4.88,5.73,23,0.92,1,49,0.5,10,195793.51,439413.24,0
SHP0359,SUP030,Iraq,Crude Oil,46454,5290,4.53,20,74.78,3.81,1.99,32,0.5,0,60,0.27,3,182337.5,288860.3,0
SHP0360,SUP029,China,Electronics,39098,7683,6.93,2,108.84,7.53,2.83,89,0.96,7,19,0.61,29,222676.08,1110685.47,1
SHP0361,SUP046,China,Crude Oil,39278,3024,1.98,5,104.55,8.17,9.98,82,0.55,4,10,0.48,14,158779.68,436119.79,0
SHP0362,SUP006,Qatar,Electronics,29138,9777,6.73,13,90.09,8.5,5.87,37,0.91,7,37,0.48,10,173186.78,669554.6,0
SHP0363,SUP035,India,Fertilizer,28065,2979,5.48,17,77.72,9.87,3.56,14,0.74,2,59,0.43,13,34818.33,281949.32,0
SHP0364,SUP041,Qatar,LNG,30956,10385,4.66,16,97.67,8.12,9.95,87,0.82,6,23,0.59,15,229705.92,927913.35,1
SHP0365,SUP037,Oman,LNG,42732,11007,9.58,3,96.85,6.41,9.7,34,0.75,7,17,0.73,14,280077.19,716685.91,1
SHP0366,SUP024,Oman,LNG,40261,5654,5.7,14,108.87,4.05,4.97,26,0.73,5,33,0.5,3,234832.91,215238.87,0
SHP0367,SUP029,Qatar,LNG,11759,1278,2.97,10,88.34,5.9,3.34,7,0.91,6,10,0.4,3,59883.17,83874.19,0
SHP0368,SUP049,India,LNG,6439,13281,5.13,2,112.92,1.37,8.55,86,0.87,1,19,0.4,8,303783.68,840369.4,0
SHP0369,SUP046,Qatar,LNG,48241,10277,9.27,2,86.9,7.7,7.44,79,0.74,7,20,0.79,5,257164.19,541835.74,1
SHP0370,SUP031,China,LNG,43533,1992,2.58,15,74.81,5.01,7.18,52,0.55,4,28,0.39,12,80934.44,410301.75,0
SHP0371,SUP035,Germany,Fertilizer,29270,14578,2.93,4,78.02,1.18,9.04,6,0.56,6,27,0.22,4,308344.28,780602.37,0
SHP0372,SUP033,Kuwait,Crude Oil,14279,1160,1.12,20,94.06,1.56,7.2,80,0.89,0,52,0.11,2,83483.75,203276.89,0
SHP0373,SUP021,Saudi Arabia,Petrochemicals,40279,1848,1.13,9,94.02,4.49,3.55,58,0.76,4,14,0.35,3,147923.65,202911.06,0
SHP0374,SUP032,Kuwait,Electronics,45251,14115,8.46,18,99.92,6.25,7.24,10,0.74,0,58,0.45,4,367490.03,964897.93,0
SHP0375,SUP023,India,Petrochemicals,24888,9991,7.59,3,93.64,5.18,3.75,44,0.83,7,45,0.48,8,255454.08,615327.11,0
SHP0376,SUP033,Kuwait,Petrochemicals,18630,12632,4.2,18,109.66,6.57,7.83,6,0.92,3,45,0.74,31,364738.41,1335997.1,1
SHP0377,SUP003,Oman,Crude Oil,36144,10678,7.28,10,91.08,5.32,6.58,77,0.81,3,53,0.58,25,280338.85,855218.88,1
SHP0378,SUP018,Singapore,Crude Oil,32182,8351,4.56,1,65.06,6.96,1.7,6,0.87,1,21,0.39,7,236982.82,846715.87,0
SHP0379,SUP025,Saudi Arabia,Crude Oil,26538,7656,9.58,9,93.18,2.97,5.62,78,0.87,4,53,0.4,14,186535.6,742194.65,0
SHP0380,SUP042,Iraq,LNG,12824,2544,9.7,10,64.9,2.02,4.09,59,0.67,0,60,0.61,28,78101.69,657569.28,1
SHP0381,SUP031,India,Fertilizer,33125,7868,4.54,19,99.07,6.37,3.96,76,0.63,8,48,0.53,16,200948.53,687487.48,0
SHP0382,SUP003,Saudi Arabia,LNG,7979,4016,8.69,15,110.86,5.36,6.42,64,0.89,4,49,0.65,21,158374.33,596097.69,1
SHP0383,SUP040,Kuwait,Fertilizer,27189,14716,7.96,18,80.21,1.24,3.9,10,0.68,5,34,0.39,15,330853.4,1219803.66,0
SHP0384,SUP046,Oman,Fertilizer,43600,14135,3.79,10,116.28,4.42,7.99,23,0.94,1,48,0.47,4,357179.32,876604.95,0
SHP0385,SUP024,UAE,Petrochemicals,13504,9750,3.09,13,107.64,1.96,1.64,31,0.53,9,50,0.19,6,320805.15,563168.17,0
SHP0386,SUP050,Germany,Petrochemicals,21669,9668,5.12,1,113.1,5.78,6.94,5,0.53,9,14,0.41,14,286142.34,639518.5,0
SHP0387,SUP032,Iraq,Fertilizer,7910,5077,8.03,4,97.84,4.56,8.28,37,0.95,0,59,0.66,6,154214.25,493460.46,1
SHP0388,SUP047,Germany,Fertilizer,47857,1227,9.64,4,80.11,6.52,7.06,44,0.82,3,23,0.67,4,86075.77,225204.89,1
SHP0389,SUP022,Saudi Arabia,LNG,35964,11219,7.87,18,106.71,8.25,5.48,36,0.69,6,33,0.67,6,332458.27,751587.07,1
SHP0390,SUP023,Oman,LNG,21131,11828,8.7,20,85.63,3.7,9.55,73,0.87,5,6,0.6,28,304864.4,1143025.56,1
SHP0391,SUP002,Oman,Petrochemicals,26227,13819,6.43,11,96.77,9.66,3.7,21,0.83,9,40,0.63,5,370911.46,760988.26,1
SHP0392,SUP027,Kuwait,Crude Oil,6978,7968,8.52,17,92.43,5.82,1.17,12,0.76,0,23,0.5,16,202887.5,886922.35,0
SHP0393,SUP042,China,Fertilizer,22991,842,8.06,3,111.87,6.56,4.89,61,0.55,0,11,0.57,16,83302.15,539926.92,1
SHP0394,SUP002,Kuwait,LNG,18153,1947,4.39,16,105.95,7.13,1.3,46,0.9,7,30,0.4,5,98894.66,261362.49,0
SHP0395,SUP026,China,Petrochemicals,34548,11071,5.97,9,93.79,7.0,9.59,13,0.92,3,19,0.85,5,262250.41,750534.09,1
SHP0396,SUP017,China,LNG,43676,7081,8.24,19,65.73,5.6,2.89,39,0.58,4,51,0.58,17,148143.51,717659.82,1
SHP0397,SUP040,Iraq,Fertilizer,40071,12351,1.41,5,85.47,4.86,8.1,75,0.92,6,60,0.56,26,299549.79,1000551.42,1
SHP0398,SUP033,Kuwait,Fertilizer,48454,6817,8.27,13,105.56,1.48,7.97,83,0.93,7,42,0.49,15,216525.62,542875.72,0
SHP0399,SUP009,UAE,Electronics,4983,1026,2.6,10,99.2,1.2,2.96,57,0.77,9,7,0.16,6,137991.34,285918.19,0
SHP0400,SUP043,Qatar,Crude Oil,10503,10588,5.63,10,72.45,4.22,6.59,58,0.82,6,42,0.37,13,195736.12,916770.53,0
SHP0401,SUP048,Qatar,Electronics,30921,13446,8.27,17,67.9,4.0,1.43,88,0.69,1,20,0.57,2,268024.17,817712.7,1
SHP0402,SUP039,Kuwait,Petrochemicals,17905,10765,3.28,17,97.93,4.49,5.35,29,0.64,3,6,0.28,5,296281.41,672855.23,0
SHP0403,SUP029,Kuwait,LNG,46838,13607,3.21,10,79.14,2.25,1.13,71,0.85,9,35,0.35,5,313742.19,889479.9,0
SHP0404,SUP042,Germany,Petrochemicals,24953,7248,4.62,20,80.59,7.64,9.29,66,0.92,0,32,0.5,15,196280.07,656586.27,0
SHP0405,SUP026,Iraq,Fertilizer,27806,905,9.05,11,105.09,8.71,9.78,59,0.82,9,11,0.84,36,138277.62,827389.03,1
SHP0406,SUP035,Kuwait,Electronics,46000,8486,1.0,4,113.03,9.45,3.0,50,0.75,8,34,0.25,1,212873.37,423831.76,0
SHP0407,SUP050,Germany,Electronics,23168,10265,9.11,8,83.74,5.43,2.87,28,0.58,2,47,0.5,15,229900.12,707571.44,0
SHP0408,SUP025,China,Electronics,5583,14599,2.38,8,94.33,7.31,7.78,50,0.53,2,11,0.46,14,312850.64,1096407.2,0
SHP0409,SUP024,Oman,Petrochemicals,39714,13292,9.91,9,93.89,8.7,3.28,26,0.72,9,40,0.63,8,253980.76,952112.44,1
SHP0410,SUP013,Oman,Fertilizer,40896,4240,9.59,18,92.54,4.76,9.06,15,0.52,8,33,0.65,31,154336.53,1079395.88,1
SHP0411,SUP007,China,LNG,12889,12966,5.45,0,95.61,3.78,6.17,52,0.78,9,28,0.41,10,294190.42,874702.9,0
SHP0412,SUP036,India,LNG,28413,12919,5.61,6,106.35,9.43,4.16,12,0.69,2,56,0.63,7,295634.98,681169.02,1
SHP0413,SUP045,Germany,Petrochemicals,13275,2346,5.33,3,84.89,5.64,8.49,43,0.87,7,43,0.36,16,82737.25,404455.93,0
SHP0414,SUP020,Germany,Electronics,3461,1978,6.72,0,72.12,5.48,5.44,39,0.65,1,8,0.46,14,92767.6,365310.86,0
SHP0415,SUP001,China,Crude Oil,15291,11087,1.82,14,120.35,2.61,9.2,53,0.79,2,33,0.43,18,271889.81,929199.78,0
SHP0416,SUP008,UAE,Petrochemicals,47804,1271,1.29,7,111.34,1.97,9.35,50,0.76,1,48,0.34,7,118597.03,250637.63,0
SHP0417,SUP046,Singapore,Petrochemicals,12435,6025,1.52,11,78.45,8.58,2.49,42,0.5,0,9,0.46,13,184985.41,597546.93,0
SHP0418,SUP016,Saudi Arabia,Fertilizer,28935,14911,5.0,17,97.03,6.53,1.02,12,0.54,1,59,0.45,18,337184.67,1183258.23,0
SHP0419,SUP014,China,LNG,34453,9270,3.48,14,110.16,3.93,9.86,58,0.64,7,33,0.35,8,244113.97,643242.3,0
SHP0420,SUP012,Kuwait,Petrochemicals,19544,11593,6.6,16,106.24,2.73,9.16,41,0.93,8,34,0.55,15,299230.73,657120.41,0
SHP0421,SUP023,Kuwait,Petrochemicals,13258,14303,9.93,13,101.93,6.0,1.5,44,0.57,1,33,0.57,15,338132.51,1037863.38,1
SHP0422,SUP015,Iraq,Electronics,31841,693,4.48,13,92.45,6.26,8.5,38,0.85,6,30,0.7,16,126338.78,363323.08,1
SHP0423,SUP028,China,Electronics,49758,2507,6.16,17,120.91,2.86,5.12,83,0.98,4,23,0.47,2,151401.97,220376.69,0
SHP0424,SUP034,Iraq,Crude Oil,11736,1685,4.74,19,98.31,8.66,3.33,21,0.89,2,30,0.53,9,141845.58,228101.78,0
SHP0425,SUP002,China,Fertilizer,38643,2894,8.63,17,87.28,1.76,8.91,37,0.62,8,41,0.59,21,140231.33,587052.57,1
SHP0426,SUP032,Germany,Crude Oil,44950,11690,9.12,15,108.07,4.2,2.77,51,0.95,5,31,0.54,24,257323.46,1120124.22,0
SHP0427,SUP023,Saudi Arabia,Electronics,35964,14172,8.9,0,96.44,7.12,9.53,56,0.55,10,34,0.75,27,315500.05,1232595.78,1
SHP0428,SUP022,Germany,LNG,29044,10484,9.77,10,100.25,3.47,2.85,84,0.73,0,55,0.48,15,267469.08,891787.06,0
SHP0429,SUP025,Singapore,Electronics,40933,9802,1.25,14,98.05,8.45,6.52,13,0.93,4,57,0.47,20,280929.33,897112.49,0
SHP0430,SUP022,Oman,Fertilizer,16997,4505,8.56,11,102.45,7.66,3.01,37,0.81,6,34,0.67,29,220884.39,820915.88,1
SHP0431,SUP022,Qatar,Electronics,15215,7929,7.77,7,80.32,8.1,5.91,64,0.7,3,7,0.72,33,192453.59,764179.12,1
SHP0432,SUP049,China,Fertilizer,34069,2761,3.06,19,73.23,2.07,7.16,81,0.64,7,47,0.39,17,109939.68,363661.27,0
SHP0433,SUP042,Singapore,Fertilizer,24911,4236,9.61,5,116.51,2.26,2.71,25,0.68,9,11,0.58,9,193453.34,277683.42,1
SHP0434,SUP006,Oman,Fertilizer,18030,12485,2.33,2,98.74,3.58,5.69,62,0.75,4,53,0.39,6,301987.17,765883.22,0
SHP0435,SUP015,India,Fertilizer,30334,10628,7.12,12,106.56,5.66,5.22,89,0.66,8,13,0.57,6,325874.9,778566.52,1
SHP0436,SUP043,Saudi Arabia,Fertilizer,15571,7216,3.02,12,68.6,7.73,1.64,73,0.97,8,57,0.28,5,144334.39,448958.49,0
SHP0437,SUP037,Iraq,LNG,43719,5375,4.88,1,111.0,8.53,8.36,14,0.96,8,45,0.5,15,205890.6,653579.82,0
SHP0438,SUP033,Iraq,Crude Oil,29927,13049,7.47,4,87.18,7.34,4.02,10,0.93,0,46,0.54,8,324672.4,877275.27,0
SHP0439,SUP008,Germany,Petrochemicals,21714,9421,6.07,16,82.91,9.36,6.17,17,0.71,1,17,0.62,29,270467.16,1065039.34,1
SHP0440,SUP044,Kuwait,Crude Oil,44541,4878,4.85,5,94.05,7.65,5.63,69,0.84,2,19,0.62,19,164905.54,681297.67,1
SHP0441,SUP044,Oman,Fertilizer,24387,8315,3.94,1,80.33,3.76,5.62,24,0.94,3,58,0.14,3,240679.64,500344.37,0
SHP0442,SUP005,India,LNG,29444,14278,8.56,3,94.97,3.39,1.97,61,0.92,9,9,0.36,17,325505.82,1039671.95,0
SHP0443,SUP039,Singapore,Electronics,49908,3951,2.29,10,92.95,7.27,4.81,50,0.7,8,33,0.38,15,121436.26,536658.03,0
SHP0444,SUP004,Saudi Arabia,LNG,20921,13149,4.87,7,110.91,2.74,5.07,12,0.56,9,39,0.27,8,296993.91,962113.14,0
SHP0445,SUP006,Oman,Fertilizer,14057,8116,9.13,11,117.7,1.83,7.6,14,0.54,5,31,0.46,5,197005.93,553074.9,0
SHP0446,SUP045,India,LNG,46268,13228,8.61,7,117.22,5.79,8.56,77,0.78,0,31,0.61,26,318639.24,1203197.11,1
SHP0447,SUP032,Qatar,LNG,25858,10832,4.61,10,61.03,8.39,5.9,71,0.81,8,12,0.46,2,253144.65,493854.94,0
SHP0448,SUP030,China,Fertilizer,49689,10336,7.87,19,80.97,1.91,1.78,15,0.92,5,36,0.31,3,244580.04,718387.51,0
SHP0449,SUP047,Iraq,LNG,45638,3300,8.41,7,60.88,8.13,3.13,16,0.64,3,24,0.71,21,114042.98,444295.15,1
SHP0450,SUP035,Singapore,Petrochemicals,27062,13654,9.0,7,77.1,8.3,2.48,14,0.58,3,14,0.66,7,344498.37,652093.69,1
SHP0451,SUP040,Iraq,Petrochemicals,37850,14235,5.9,16,85.26,5.34,2.12,29,0.69,2,17,0.47,5,308913.4,848896.07,0
SHP0452,SUP016,Singapore,LNG,47486,8833,2.84,19,101.16,1.52,4.29,53,0.67,6,33,0.23,2,310130.89,393573.98,0
SHP0453,SUP013,Germany,Electronics,21567,5910,3.3,19,87.2,2.57,3.06,53,0.56,2,39,0.33,6,198797.29,524409.9,0
SHP0454,SUP050,Kuwait,Fertilizer,30739,1955,3.66,15,87.62,7.37,2.96,15,0.83,1,58,0.48,3,99378.23,-10620.56,0
SHP0455,SUP042,Singapore,Petrochemicals,44285,7392,6.34,13,97.73,7.41,1.49,66,0.75,9,12,0.52,25,204651.94,965780.65,0
SHP0456,SUP030,Iraq,Electronics,4754,14663,1.3,10,69.36,9.09,1.16,40,0.85,7,33,0.29,4,289178.1,895248.19,0
SHP0457,SUP019,Germany,LNG,28044,14635,6.72,6,82.42,6.24,1.92,43,0.67,3,35,0.43,4,328594.49,823551.6,0
SHP0458,SUP017,Singapore,Electronics,2724,6308,4.28,15,87.45,2.12,2.55,57,0.66,7,45,0.35,8,118656.12,265442.84,0
SHP0459,SUP019,Qatar,Crude Oil,2376,7296,3.66,12,91.96,2.09,4.88,82,0.73,0,34,0.25,10,242568.99,392469.69,0
SHP0460,SUP028,Kuwait,Petrochemicals,9706,5296,8.92,14,96.15,7.49,5.59,60,0.93,4,26,0.55,19,87749.68,668793.53,0
SHP0461,SUP026,Singapore,LNG,9894,5593,5.14,15,117.51,2.65,2.27,5,0.52,8,25,0.26,7,195934.53,396370.8,0
SHP0462,SUP037,Germany,Fertilizer,19037,10788,1.86,20,108.63,3.96,4.82,60,0.89,0,16,0.41,12,246768.33,852133.03,0
SHP0463,SUP026,Oman,LNG,19450,1825,8.44,8,83.46,5.38,4.08,8,0.68,10,15,0.5,13,78582.64,344428.37,0
SHP0464,SUP023,UAE,Fertilizer,17406,5476,1.43,2,91.08,1.22,2.65,34,0.92,3,6,0.17,7,154267.44,398281.94,0
SHP0465,SUP009,India,LNG,30725,9905,7.54,18,90.06,3.24,1.06,16,0.89,5,54,0.33,10,308106.78,452618.24,0
SHP0466,SUP012,UAE,Electronics,6926,1659,7.97,19,87.29,4.67,5.2,39,0.67,9,45,0.58,4,66596.48,245193.23,1
SHP0467,SUP001,UAE,Electronics,40019,5150,4.17,4,99.09,3.52,7.17,81,0.84,7,6,0.44,12,199399.79,432585.38,0
SHP0468,SUP001,Saudi Arabia,Electronics,10496,13191,8.42,9,67.1,2.23,3.04,56,0.58,2,38,0.3,8,325930.05,779729.41,0
SHP0469,SUP047,Qatar,Crude Oil,37068,5487,5.64,16,108.21,7.55,2.19,35,0.94,4,7,0.49,11,115181.15,387372.1,0
SHP0470,SUP034,Oman,Fertilizer,30806,5197,5.17,14,120.4,8.32,8.98,72,0.7,6,20,0.48,22,171405.42,545808.89,0
SHP0471,SUP032,China,Electronics,23663,14618,1.41,7,90.95,3.32,3.48,56,0.72,0,55,0.17,1,380417.77,898113.78,0
SHP0472,SUP048,Singapore,Crude Oil,42321,840,3.61,14,90.66,7.97,3.01,84,0.85,6,8,0.42,13,48204.8,381548.77,0
SHP0473,SUP025,India,Fertilizer,37495,4328,9.38,20,97.36,4.47,8.71,11,0.9,10,27,0.78,5,191740.28,397599.56,1
SHP0474,SUP040,Kuwait,LNG,23656,2468,4.53,13,110.29,5.56,8.35,26,0.62,7,54,0.52,16,132120.0,421748.94,0
SHP0475,SUP045,Oman,Crude Oil,26860,1203,5.92,19,90.14,8.7,5.04,79,0.82,7,24,0.51,10,91933.08,86357.76,0
SHP0476,SUP001,Iraq,Petrochemicals,17832,13105,5.79,6,109.01,7.75,5.4,60,0.69,8,29,0.52,18,325182.75,1225454.48,0
SHP0477,SUP016,China,Crude Oil,39787,5982,6.31,20,102.33,8.25,2.96,62,0.68,5,34,0.6,8,199817.15,501329.16,1
SHP0478,SUP039,Saudi Arabia,Crude Oil,49231,11121,1.55,11,130.42,2.23,1.7,68,0.84,5,22,0.09,2,275844.85,609728.92,0
SHP0479,SUP005,Saudi Arabia,Fertilizer,22727,6876,4.26,16,90.07,1.63,6.16,16,0.69,1,46,0.41,13,188011.41,567886.7,0
SHP0480,SUP022,Oman,LNG,43815,2300,7.51,16,65.36,9.04,1.89,11,0.67,2,15,0.53,13,104805.95,170544.37,0
SHP0481,SUP029,Germany,Petrochemicals,30545,5963,2.81,9,73.51,4.49,5.04,59,0.91,3,33,0.26,10,171448.58,612305.87,0
SHP0482,SUP003,UAE,Electronics,45522,14360,2.83,18,95.18,3.59,9.46,66,0.55,3,21,0.36,9,345100.77,792229.65,0
SHP0483,SUP012,Iraq,Electronics,3520,5412,1.09,13,110.42,7.52,9.58,77,0.83,7,30,0.33,13,164191.39,585256.92,0
SHP0484,SUP026,Saudi Arabia,Crude Oil,4081,5148,4.94,10,85.21,8.53,3.15,81,0.62,0,60,0.32,5,179800.98,434483.4,0
SHP0485,SUP016,India,Fertilizer,35196,1355,8.94,1,91.54,8.76,6.62,59,0.51,9,27,0.7,20,101416.27,501165.76,1
SHP0486,SUP037,Saudi Arabia,Fertilizer,37735,10504,1.47,17,105.27,3.84,5.27,40,0.58,3,60,0.27,6,225867.0,692197.35,0
SHP0487,SUP022,Kuwait,Electronics,40213,3366,2.72,6,80.52,8.67,8.88,28,0.8,10,56,0.55,25,109062.85,802911.98,0
SHP0488,SUP029,Singapore,Petrochemicals,15566,12334,3.79,11,85.83,1.37,3.44,48,0.85,10,52,0.24,2,263810.86,577458.46,0
SHP0489,SUP014,Saudi Arabia,LNG,15042,682,7.59,1,77.48,1.45,1.03,21,0.51,10,24,0.52,17,47008.66,390550.26,0
SHP0490,SUP028,Kuwait,Petrochemicals,26498,3612,6.77,19,112.67,6.61,2.46,6,0.52,3,49,0.5,16,140857.6,478089.46,0
SHP0491,SUP005,Oman,LNG,12329,6170,4.74,17,118.13,1.57,4.15,17,0.94,0,6,0.19,3,223968.16,184543.5,0
SHP0492,SUP047,Oman,Electronics,32656,4992,7.83,5,71.31,3.92,3.84,35,0.54,2,28,0.38,2,128100.23,318233.33,0
SHP0493,SUP049,China,LNG,3159,6323,6.49,9,92.87,7.05,8.12,32,0.94,4,35,0.6,3,194861.74,501275.06,1
SHP0494,SUP030,Saudi Arabia,Fertilizer,38900,2017,9.06,19,116.11,4.04,7.13,64,0.61,5,31,0.55,11,131028.88,458483.42,0
SHP0495,SUP046,India,Crude Oil,20363,5502,8.36,14,100.98,2.62,3.7,31,0.86,8,6,0.35,11,156448.43,680847.72,0
SHP0496,SUP005,Saudi Arabia,Crude Oil,48701,1856,3.28,4,87.66,3.53,5.12,19,0.65,8,18,0.32,13,93191.55,175428.09,0
SHP0497,SUP012,India,Electronics,44241,10866,3.44,19,71.81,5.12,1.86,83,0.92,8,8,0.31,3,278981.48,766162.77,0
SHP0498,SUP016,Qatar,Fertilizer,20033,4129,2.13,2,112.29,5.28,9.08,37,0.84,10,53,0.54,26,168648.19,744933.98,0
SHP0499,SUP026,China,Petrochemicals,11805,4128,4.03,4,100.41,8.05,9.42,24,0.7,0,17,0.5,5,171096.84,466456.25,0
SHP0500,SUP026,Qatar,Fertilizer,36851,12788,10.0,7,72.91,7.75,9.82,46,0.54,8,40,0.75,6,326686.9,719921.76,1
SHP0501,SUP048,Saudi Arabia,Crude Oil,27832,11931,4.65,7,112.85,5.11,8.82,16,0.86,7,39,0.62,6,318086.11,663469.95,1
SHP0502,SUP021,China,Crude Oil,14944,12383,2.98,7,70.99,8.61,2.57,77,0.8,1,48,0.44,16,222065.33,817622.74,0
SHP0503,SUP039,Qatar,Fertilizer,20873,8710,7.86,11,91.69,2.03,1.42,27,0.5,10,58,0.29,10,238249.93,713097.76,0
SHP0504,SUP036,UAE,Fertilizer,41372,12095,5.88,7,91.03,3.3,6.22,76,0.5,0,59,0.37,6,271990.66,776197.61,0
SHP0505,SUP033,Saudi Arabia,Crude Oil,24928,13371,2.35,10,119.28,8.45,9.21,18,0.9,0,12,0.42,14,390411.08,836849.04,0
SHP0506,SUP030,Qatar,Petrochemicals,16379,13243,4.43,13,91.08,4.4,2.6,29,0.63,5,6,0.35,10,323216.08,645736.32,0
SHP0507,SUP037,UAE,Electronics,37751,11696,4.73,7,91.03,9.83,1.06,81,0.81,8,10,0.56,14,265428.85,906324.52,1
SHP0508,SUP023,UAE,Electronics,35546,6632,7.78,9,74.55,5.2,8.25,89,0.72,6,35,0.72,18,196011.36,744517.04,1
SHP0509,SUP010,Oman,Fertilizer,25286,9824,1.19,6,85.39,8.13,1.69,35,0.92,4,58,0.2,6,247867.73,512504.85,0
SHP0510,SUP005,Saudi Arabia,Electronics,6110,12031,3.42,16,82.74,4.62,4.72,58,0.95,10,14,0.42,10,231211.28,682767.16,0
SHP0511,SUP036,UAE,Crude Oil,13087,7088,5.66,3,83.52,4.82,7.11,9,0.99,1,48,0.5,19,220291.82,799986.82,0
SHP0512,SUP034,Oman,Crude Oil,24762,3811,3.42,12,95.09,4.45,3.13,17,0.58,0,25,0.29,2,132503.8,416189.37,0
SHP0513,SUP031,Qatar,Fertilizer,18081,6548,6.66,3,58.49,7.47,1.76,32,0.92,1,46,0.46,10,207274.55,477900.98,0
SHP0514,SUP010,Kuwait,Fertilizer,35947,12064,5.34,4,72.35,5.93,7.93,47,0.63,0,14,0.37,15,271299.08,815236.11,0
SHP0515,SUP019,Saudi Arabia,Fertilizer,10596,6746,4.26,3,93.33,9.49,6.67,51,0.79,2,27,0.62,29,239270.8,947185.85,1
SHP0516,SUP032,China,Petrochemicals,39019,1487,9.54,17,96.82,3.26,9.9,75,0.75,5,7,0.52,7,116968.94,277875.31,0
SHP0517,SUP001,India,Electronics,43003,3821,6.69,5,91.5,1.91,4.1,42,0.51,7,36,0.31,6,171201.7,274620.99,0
SHP0518,SUP005,India,Fertilizer,19313,5115,2.17,1,94.39,4.54,1.56,71,0.96,2,24,0.28,13,152827.42,718259.11,0
SHP0519,SUP045,Qatar,LNG,48639,13646,6.04,10,88.86,6.55,7.61,66,0.54,9,14,0.41,10,327306.19,972468.51,0
SHP0520,SUP004,Germany,LNG,2013,8865,8.03,13,94.72,8.75,5.7,43,0.84,8,33,0.55,22,183558.96,845122.93,0
SHP0521,SUP016,Germany,Crude Oil,24705,14154,7.38,4,101.51,4.12,2.92,41,0.88,9,45,0.54,12,332168.89,788451.7,0
SHP0522,SUP024,Qatar,Electronics,2828,4241,2.55,5,101.41,6.88,8.04,90,0.89,4,56,0.47,4,112930.05,423992.18,0
SHP0523,SUP016,UAE,Fertilizer,8909,3552,9.75,9,84.67,4.15,2.83,12,0.57,6,55,0.47,17,97382.69,636793.12,0
SHP0524,SUP002,Saudi Arabia,LNG,39356,7074,5.04,7,108.73,6.55,3.35,85,0.72,7,50,0.45,8,187591.87,483424.71,0
SHP0525,SUP049,India,Electronics,14109,1226,2.43,13,97.36,8.96,1.83,56,0.91,2,38,0.44,11,119768.63,316357.55,0
SHP0526,SUP028,India,Crude Oil,3023,4260,2.62,2,113.48,3.08,4.59,37,0.65,1,41,0.37,8,163043.2,357953.01,0
SHP0527,SUP032,UAE,Petrochemicals,15537,6306,1.88,11,116.49,4.64,4.77,85,0.73,1,24,0.21,3,207642.81,427359.89,0
SHP0528,SUP027,India,Electronics,27661,2375,8.23,15,73.36,9.94,5.63,46,0.63,4,12,0.62,29,96200.37,596255.05,1
SHP0529,SUP020,China,Electronics,39659,7493,2.1,16,82.11,8.82,7.38,80,0.73,0,11,0.53,23,232983.61,717898.09,0
SHP0530,SUP024,Saudi Arabia,Petrochemicals,34848,14469,2.13,0,107.2,6.08,9.15,31,0.94,1,10,0.49,17,346323.26,1144536.37,0
SHP0531,SUP012,Singapore,Electronics,38804,4533,8.65,9,70.03,5.65,2.24,12,0.72,8,15,0.41,12,145083.11,560411.48,0
SHP0532,SUP050,India,Crude Oil,16379,5943,4.1,9,116.3,3.56,1.49,27,0.77,6,48,0.2,3,182906.4,308070.8,0
SHP0533,SUP035,Qatar,Crude Oil,28766,1489,1.28,20,89.84,5.65,1.17,68,0.7,5,22,0.22,8,133156.28,159537.89,0
SHP0534,SUP033,China,Petrochemicals,44590,4244,1.47,1,103.63,8.63,2.29,24,0.73,8,55,0.36,4,196027.68,406956.65,0
SHP0535,SUP033,India,Fertilizer,3563,11378,2.28,8,93.25,7.17,6.92,20,0.51,6,46,0.44,19,278297.33,877373.75,0
SHP0536,SUP043,China,LNG,37060,9111,2.92,12,74.11,3.61,7.55,21,0.64,10,33,0.25,6,205757.15,581091.13,0
SHP0537,SUP037,Oman,Fertilizer,30197,1093,6.99,15,110.83,2.81,8.08,84,0.71,4,29,0.49,12,59858.71,287508.5,0
SHP0538,SUP012,Singapore,Electronics,4586,2274,2.42,17,136.26,3.39,3.19,23,0.81,8,25,0.19,3,123882.11,27009.41,0
SHP0539,SUP003,Iraq,LNG,17087,11151,2.07,18,87.27,2.53,3.75,12,0.72,5,50,0.13,4,205521.3,656761.43,0
SHP0540,SUP001,Qatar,Petrochemicals,49868,1435,7.88,11,90.16,1.86,5.35,42,0.67,5,7,0.44,6,70638.72,201190.7,0
SHP0541,SUP033,Qatar,Petrochemicals,24225,13895,7.04,7,55.26,4.77,1.57,42,0.69,10,22,0.41,11,305027.1,950769.13,0
SHP0542,SUP040,Saudi Arabia,LNG,30750,13924,4.92,16,115.27,2.02,6.5,57,0.62,3,28,0.43,15,341336.0,1012023.09,0
SHP0543,SUP010,China,Crude Oil,7643,4308,5.94,14,108.68,2.55,9.85,35,0.95,0,51,0.41,10,234186.01,628968.74,0
SHP0544,SUP043,UAE,LNG,28523,831,3.81,9,69.0,5.93,4.25,48,0.76,4,42,0.42,13,59026.3,417717.82,0
SHP0545,SUP044,Qatar,Electronics,37727,12141,5.34,14,64.03,2.48,7.78,64,0.51,10,14,0.29,6,256288.05,730930.9,0
SHP0546,SUP029,China,Crude Oil,12005,8422,5.56,14,65.76,1.57,5.5,80,0.51,8,31,0.33,12,236087.09,674123.91,0
SHP0547,SUP013,China,Petrochemicals,44543,3202,4.49,6,104.68,3.86,2.15,21,0.98,7,16,0.35,12,83571.91,576461.92,0
SHP0548,SUP012,Kuwait,LNG,1161,14876,9.16,12,106.17,2.98,6.24,83,0.61,7,11,0.58,26,308250.98,1350108.78,1
SHP0549,SUP031,Kuwait,Fertilizer,17029,12698,1.14,16,81.15,5.64,3.7,77,0.89,4,21,0.33,9,313399.24,691999.71,0
SHP0550,SUP046,Iraq,Fertilizer,15226,6389,8.04,8,102.49,1.92,1.31,43,0.53,8,5,0.43,10,191131.27,614344.82,0
SHP0551,SUP002,Oman,Electronics,29731,5554,2.12,7,97.38,7.77,6.71,46,0.95,2,54,0.41,16,172701.12,721980.11,0
SHP0552,SUP050,Iraq,Fertilizer,44922,4368,8.18,19,89.49,9.16,8.73,52,0.93,2,30,0.78,3,122101.47,440171.71,1
SHP0553,SUP035,India,LNG,45848,4700,6.54,20,109.55,7.69,4.1,16,0.78,0,19,0.69,5,179433.11,294850.83,1
SHP0554,SUP023,UAE,LNG,4390,701,8.59,17,76.93,5.8,4.51,22,0.5,8,55,0.53,4,49921.3,67604.95,0
SHP0555,SUP017,India,Fertilizer,6997,2997,1.88,12,112.21,8.75,9.02,83,0.63,5,37,0.62,18,145896.3,415668.5,1
SHP0556,SUP026,Germany,LNG,13693,2342,6.03,15,84.07,7.25,8.32,10,0.7,1,41,0.67,5,74657.49,247912.75,1
SHP0557,SUP008,India,Electronics,43092,10558,5.51,8,121.72,1.09,7.43,47,0.73,7,51,0.35,4,281948.09,681186.76,0
SHP0558,SUP029,Saudi Arabia,Crude Oil,1541,10688,7.36,11,79.92,4.55,3.24,39,0.65,8,35,0.44,14,317066.07,763067.08,0
SHP0559,SUP026,India,Electronics,22817,14077,5.81,11,89.73,8.66,9.19,58,0.52,8,39,0.66,32,312421.93,1329668.47,1
SHP0560,SUP010,Iraq,Electronics,38861,9601,5.87,5,95.88,4.11,2.39,66,0.79,1,5,0.44,3,245569.25,334678.22,0
SHP0561,SUP026,Qatar,LNG,14428,12997,4.87,18,95.78,1.32,6.64,73,0.76,1,12,0.38,3,304494.31,860794.91,0
SHP0562,SUP034,Qatar,Crude Oil,44934,5158,3.78,6,102.36,7.72,1.26,86,0.64,6,16,0.35,17,179967.94,441402.36,0
SHP0563,SUP041,Kuwait,LNG,49831,11881,5.34,2,75.71,8.22,6.79,20,0.52,10,58,0.4,10,288470.56,831527.98,0
SHP0564,SUP007,UAE,Petrochemicals,11258,8044,2.07,15,94.44,2.45,3.49,12,0.99,3,23,0.27,5,228061.13,526025.48,0
SHP0565,SUP004,UAE,LNG,17044,8218,9.65,17,97.07,5.84,5.05,90,0.74,0,29,0.46,11,233959.48,635480.8,0
SHP0566,SUP050,Saudi Arabia,LNG,30411,14351,7.43,15,87.08,2.73,4.11,35,0.87,7,36,0.31,12,322557.0,964429.69,0
SHP0567,SUP045,Iraq,LNG,6469,1270,9.57,6,101.06,7.47,2.55,14,0.72,1,16,0.58,6,106716.69,82321.88,1
SHP0568,SUP011,Kuwait,Crude Oil,29854,3655,3.04,3,74.8,3.44,6.6,60,0.52,2,17,0.24,8,119211.34,309943.48,0
SHP0569,SUP029,Germany,LNG,7256,11193,8.91,7,90.1,3.85,8.94,80,0.65,4,32,0.63,26,219183.24,1176545.07,1
SHP0570,SUP036,UAE,Crude Oil,11720,11406,8.28,12,83.7,8.6,9.63,74,0.66,2,5,0.72,33,351186.45,1356815.55,1
SHP0571,SUP025,Qatar,Fertilizer,34937,13416,7.09,12,90.15,5.29,2.73,24,0.91,6,55,0.52,10,335453.18,828709.91,0
SHP0572,SUP021,India,Petrochemicals,34598,12277,6.63,16,116.71,7.03,7.46,9,0.82,6,10,0.46,4,284974.42,537808.05,0
SHP0573,SUP036,India,Crude Oil,2651,2128,3.85,16,117.0,4.62,6.98,27,0.63,1,12,0.36,7,138805.81,168532.61,0
SHP0574,SUP010,Kuwait,Fertilizer,20194,14489,8.35,4,114.06,3.68,4.09,13,0.97,6,8,0.48,5,311665.78,1009719.71,0
SHP0575,SUP037,Iraq,Crude Oil,26051,886,5.51,5,88.07,6.63,1.17,62,0.66,10,9,0.42,2,71577.95,12385.55,0
SHP0576,SUP009,Iraq,Crude Oil,28386,6531,1.64,18,108.61,2.39,7.21,63,0.99,5,29,0.33,4,159986.34,396829.63,0
SHP0577,SUP024,Oman,Petrochemicals,10518,12113,3.82,12,96.69,4.36,9.51,84,0.99,9,26,0.38,8,293850.45,907241.24,0
SHP0578,SUP035,Singapore,Electronics,47026,6939,9.42,13,95.68,2.88,6.69,58,0.59,8,32,0.51,24,154005.34,774260.4,0
SHP0579,SUP049,UAE,Electronics,17184,6901,8.66,3,93.84,7.26,4.92,50,0.65,8,43,0.66,4,210942.69,408496.46,1
SHP0580,SUP035,Iraq,Crude Oil,34787,13892,9.84,6,121.38,9.5,5.73,26,0.74,1,27,0.57,15,367626.63,1074049.83,1
SHP0581,SUP048,Qatar,LNG,22621,4508,6.65,7,115.49,9.96,2.8,68,0.83,6,8,0.62,19,148726.58,776580.69,1
SHP0582,SUP036,Kuwait,Fertilizer,11028,12785,3.23,12,106.17,5.05,7.75,12,0.76,4,56,0.48,6,319892.83,694694.81,0
SHP0583,SUP018,Germany,LNG,13448,13055,2.47,5,92.45,3.27,7.72,24,0.98,5,8,0.23,2,282551.07,831959.52,0
SHP0584,SUP049,Oman,LNG,46253,2966,2.68,5,95.59,4.99,2.31,55,0.85,0,51,0.26,4,145211.93,200147.13,0
SHP0585,SUP039,China,Crude Oil,35051,2782,1.18,20,102.96,8.63,8.9,82,0.6,6,25,0.6,23,111785.46,510507.13,1
SHP0586,SUP032,Saudi Arabia,Crude Oil,31447,2356,4.52,2,87.18,2.85,3.42,43,0.55,5,41,0.36,9,135821.1,322755.64,0
SHP0587,SUP024,Germany,Crude Oil,19394,8480,2.72,2,109.07,9.57,9.84,41,0.84,3,60,0.61,12,185548.25,548243.19,1
SHP0588,SUP023,China,Crude Oil,35501,2498,4.7,12,81.18,4.08,4.45,54,0.58,0,45,0.46,5,79758.72,272101.14,0
SHP0589,SUP032,India,Electronics,31254,5976,9.41,1,100.88,9.87,2.6,38,0.89,8,6,0.82,16,155007.51,933764.8,1
SHP0590,SUP037,Saudi Arabia,Crude Oil,19509,9928,4.87,15,60.65,8.55,4.17,79,0.65,3,11,0.51,22,233324.61,1046960.08,0
SHP0591,SUP012,UAE,Electronics,49998,5169,8.9,5,86.74,8.28,4.96,37,0.66,1,53,0.63,25,179086.69,747960.04,1
SHP0592,SUP049,Qatar,Electronics,15472,12836,6.45,7,126.17,3.86,1.62,35,0.51,7,20,0.45,10,340403.12,947020.19,0
SHP0593,SUP013,Saudi Arabia,Crude Oil,46657,9842,3.22,7,110.54,1.08,6.2,58,0.84,1,21,0.25,7,250318.7,538947.83,0
SHP0594,SUP023,Singapore,Petrochemicals,4471,4818,4.2,5,118.03,4.44,6.38,48,0.56,4,24,0.33,2,97295.39,204532.54,0
SHP0595,SUP025,China,Fertilizer,42796,7564,1.76,13,84.99,3.72,7.65,38,0.88,10,27,0.28,13,205305.07,630483.52,0
SHP0596,SUP035,UAE,LNG,31268,7946,4.0,2,96.56,1.34,1.26,75,0.74,5,38,0.23,2,243917.47,446078.12,0
SHP0597,SUP041,Singapore,Electronics,9329,1931,7.1,9,114.23,5.55,5.87,66,0.88,10,15,0.5,16,206557.27,287219.72,0
SHP0598,SUP030,India,Fertilizer,35865,6124,1.65,2,104.5,4.63,1.48,27,0.79,7,38,0.2,1,181100.14,295552.25,0
SHP0599,SUP017,Singapore,Petrochemicals,47850,7961,2.85,11,102.63,6.71,7.31,50,0.54,10,37,0.37,15,205442.53,683591.13,0
SHP0600,SUP049,Oman,LNG,47698,2319,4.43,16,119.46,6.59,1.5,60,0.88,0,30,0.5,21,146917.64,690147.23,0
SHP0601,SUP020,Oman,LNG,29272,11016,9.84,4,79.39,2.09,9.21,11,0.53,0,6,0.56,3,254115.25,481465.45,1
SHP0602,SUP048,Kuwait,Electronics,43845,14249,8.06,19,92.24,9.79,7.32,65,0.73,3,27,0.67,31,368535.2,1193845.15,1
SHP0603,SUP025,Germany,Crude Oil,7397,1630,7.6,8,68.69,2.68,5.57,7,0.58,4,45,0.41,17,60046.34,439070.89,0
SHP0604,SUP022,Germany,Petrochemicals,33373,14469,2.05,20,78.57,5.01,4.97,42,0.87,8,26,0.39,9,315832.57,1018537.66,0
SHP0605,SUP013,UAE,Electronics,36525,7063,8.03,19,111.11,5.39,2.18,88,0.95,10,38,0.53,23,242308.39,868309.3,0
SHP0606,SUP019,India,Petrochemicals,25570,3158,8.07,6,81.24,8.32,3.62,38,0.77,6,19,0.56,22,131086.93,628167.69,1
SHP0607,SUP049,Iraq,Crude Oil,19284,4000,6.41,3,106.03,1.89,8.82,48,0.76,6,14,0.46,10,191660.23,371139.2,0
SHP0608,SUP036,Oman,Crude Oil,19994,9066,9.91,12,119.88,4.86,9.14,34,0.87,7,19,0.7,11,245995.02,740910.49,1
SHP0609,SUP012,UAE,Electronics,24284,2620,3.93,12,92.33,6.66,1.01,21,0.5,4,46,0.3,6,158922.54,333688.92,0
SHP0610,SUP041,Iraq,Crude Oil,18833,4520,9.47,9,102.8,2.94,6.35,63,0.95,4,33,0.42,17,113684.79,540268.91,0
SHP0611,SUP019,Germany,Fertilizer,26122,10713,9.23,17,106.15,6.65,7.47,14,0.6,0,27,0.71,29,229039.84,1020787.55,1
SHP0612,SUP012,Kuwait,LNG,6017,12397,1.1,16,76.68,9.31,6.57,88,0.98,8,21,0.4,7,322861.2,665637.79,0
SHP0613,SUP009,Singapore,Electronics,17370,13841,5.05,19,85.75,9.98,1.74,22,0.86,5,13,0.55,6,317958.49,899923.43,0
SHP0614,SUP007,Oman,Petrochemicals,30252,3759,9.79,19,79.95,1.29,2.96,49,0.88,8,54,0.47,8,159246.48,193522.67,0
SHP0615,SUP028,UAE,Fertilizer,8999,12127,1.93,12,86.95,3.12,3.25,63,0.82,2,40,0.23,1,290830.13,794055.92,0
SHP0616,SUP014,Saudi Arabia,Electronics,23436,10581,5.93,16,105.74,3.79,8.49,66,0.73,4,13,0.46,19,274838.77,863437.43,0
SHP0617,SUP031,Iraq,Crude Oil,43963,2323,9.81,3,86.07,4.59,5.17,63,0.78,1,20,0.53,3,70829.37,207103.19,0
SHP0618,SUP019,Singapore,Crude Oil,3096,1974,6.0,0,94.47,3.18,5.38,53,0.52,9,40,0.32,13,110302.81,428871.01,0
SHP0619,SUP047,Oman,Crude Oil,49201,2742,2.71,0,79.36,2.83,9.41,67,0.81,4,52,0.32,15,153692.22,368731.43,0
SHP0620,SUP016,Germany,Crude Oil,26279,13967,6.24,14,113.4,9.59,6.73,36,0.81,7,55,0.69,24,343826.11,1132360.22,1
SHP0621,SUP005,India,Petrochemicals,44363,3743,2.84,12,86.82,9.27,9.09,14,0.94,10,37,0.67,31,157292.35,820347.0,1
SHP0622,SUP035,Iraq,Fertilizer,49709,7490,5.68,16,117.84,1.42,5.11,15,0.75,1,59,0.44,7,248723.22,429127.92,0
SHP0623,SUP012,Germany,LNG,27201,5660,1.67,7,95.91,4.05,2.34,74,0.54,7,35,0.24,5,148226.76,276235.82,0
SHP0624,SUP025,Oman,Petrochemicals,20715,3634,6.45,17,73.9,4.65,9.37,66,0.65,3,10,0.66,13,150245.91,343921.78,1
SHP0625,SUP021,Iraq,Petrochemicals,30309,2570,5.65,12,92.43,3.15,5.13,51,0.82,9,14,0.37,7,110792.14,389414.63,0
SHP0626,SUP036,Singapore,LNG,16078,859,7.66,13,79.06,6.66,2.63,38,0.62,9,20,0.42,6,70920.43,202742.48,0
SHP0627,SUP023,Oman,LNG,6105,10733,6.68,7,103.84,6.76,3.72,21,0.64,0,8,0.66,15,339196.86,757333.29,1
SHP0628,SUP016,China,Crude Oil,30312,1641,5.95,7,91.08,8.65,1.46,58,0.9,4,58,0.54,7,120321.1,309325.95,0
SHP0629,SUP039,UAE,Petrochemicals,3839,2135,7.21,14,97.45,7.67,5.21,80,0.79,0,26,0.46,15,97234.94,332974.48,0
SHP0630,SUP045,Singapore,Electronics,4384,14191,2.3,12,89.46,5.88,8.68,89,0.75,6,17,0.56,21,328942.14,934508.78,1
SHP0631,SUP042,Iraq,LNG,44619,4500,6.36,6,86.67,6.88,9.4,44,0.66,7,20,0.56,11,151434.6,514680.9,1
SHP0632,SUP039,India,LNG,43821,10635,2.55,4,80.4,3.47,9.39,23,0.86,2,56,0.34,15,306332.79,996373.1,0
SHP0633,SUP014,Germany,Fertilizer,14493,13466,9.33,16,107.54,6.34,2.13,71,0.64,2,33,0.64,10,329603.82,929103.97,1
SHP0634,SUP031,Saudi Arabia,Electronics,18069,3861,1.62,15,92.4,5.4,4.44,86,0.86,6,10,0.42,20,209657.96,404316.3,0
SHP0635,SUP005,Germany,Electronics,47907,7083,4.87,1,90.28,2.2,1.25,57,0.53,3,30,0.18,7,160816.02,491794.46,0
SHP0636,SUP035,Iraq,LNG,8531,8335,7.26,17,92.03,3.18,8.7,68,0.92,2,15,0.64,19,222683.42,769292.2,1
SHP0637,SUP023,Germany,Crude Oil,38051,11672,5.12,16,84.82,3.63,4.23,87,0.74,7,28,0.44,13,255066.34,881421.22,0
SHP0638,SUP029,UAE,Fertilizer,8736,506,1.83,6,90.33,9.32,6.68,51,0.71,2,33,0.41,13,66527.14,200573.07,0
SHP0639,SUP043,Oman,Electronics,8710,3767,5.98,12,98.08,3.07,7.43,10,0.8,6,7,0.43,7,132076.35,295002.27,0
SHP0640,SUP011,Saudi Arabia,LNG,2619,7064,6.77,17,79.49,3.6,4.87,20,0.81,1,56,0.56,8,169404.8,371191.7,1
SHP0641,SUP018,Qatar,Electronics,14975,10283,7.33,13,81.66,4.32,3.76,76,0.56,10,14,0.34,16,302327.15,856327.08,0
SHP0642,SUP047,Iraq,Fertilizer,46603,5428,4.36,17,115.67,6.97,9.66,22,0.87,10,5,0.67,21,232916.81,553110.41,1
SHP0643,SUP012,Kuwait,Fertilizer,24252,11956,6.07,12,89.56,2.06,9.68,56,0.64,0,56,0.54,3,298935.34,701542.45,0
SHP0644,SUP009,Qatar,Petrochemicals,16261,3106,5.06,10,86.73,9.59,3.6,52,0.94,5,47,0.58,23,111061.44,540245.28,1
SHP0645,SUP010,Germany,LNG,2431,11911,7.05,20,74.84,8.79,5.32,47,0.9,7,30,0.63,23,253773.01,741408.55,1
SHP0646,SUP044,Iraq,Fertilizer,10067,6406,6.25,20,107.76,6.19,9.76,43,0.67,0,16,0.76,20,223770.26,799675.81,1
SHP0647,SUP017,China,Petrochemicals,38481,3773,5.73,15,79.16,7.07,1.04,53,0.9,9,18,0.6,29,140246.53,818054.0,1
SHP0648,SUP038,Kuwait,Petrochemicals,28037,8111,3.25,16,94.77,1.15,4.71,16,0.67,8,29,0.19,6,217469.22,660844.2,0
SHP0649,SUP007,Saudi Arabia,Electronics,10557,1413,1.02,7,69.38,4.05,1.9,14,0.55,2,12,0.24,9,97173.79,41638.15,0
SHP0650,SUP046,India,Electronics,10435,2511,2.57,18,107.27,8.16,5.58,75,0.97,2,47,0.6,9,157746.12,240095.05,1
SHP0651,SUP013,China,Petrochemicals,38766,1942,2.05,19,112.65,1.7,1.22,59,0.82,3,8,0.08,2,120454.8,150259.3,0
SHP0652,SUP040,Qatar,Electronics,1162,6046,5.04,14,102.27,3.54,4.66,5,0.72,10,32,0.4,6,167024.22,479470.59,0
SHP0653,SUP042,Oman,Fertilizer,35742,11746,6.51,8,71.98,6.27,2.99,53,0.69,0,11,0.56,7,229378.53,581011.61,1
SHP0654,SUP009,UAE,Crude Oil,20675,14290,2.92,19,107.58,3.31,5.8,40,0.66,8,14,0.16,2,350802.95,797646.0,0
SHP0655,SUP050,India,Fertilizer,9461,12238,9.45,9,82.59,9.41,9.96,25,0.98,10,55,0.88,11,351373.38,774722.31,1
SHP0656,SUP027,China,Petrochemicals,18015,12913,1.06,11,77.44,2.18,8.2,41,0.57,2,40,0.18,7,261066.1,600142.13,0
SHP0657,SUP002,Oman,Petrochemicals,33591,13604,7.95,20,89.25,8.18,8.61,28,0.65,9,6,0.71,4,349256.07,685131.9,1
SHP0658,SUP005,Oman,Fertilizer,29047,11620,6.63,19,88.95,5.57,6.72,59,0.74,3,30,0.63,20,260053.32,1032437.71,1
SHP0659,SUP029,Iraq,Electronics,35782,2329,4.36,0,87.42,7.75,1.37,29,0.73,0,57,0.22,5,97637.05,35120.19,0
SHP0660,SUP037,China,Electronics,10833,9267,1.45,19,114.11,3.8,2.86,11,0.73,3,54,0.28,11,285541.7,747055.18,0
SHP0661,SUP038,Saudi Arabia,Petrochemicals,8896,6968,6.65,8,125.18,5.63,9.33,85,0.59,0,18,0.75,27,217910.26,916737.8,1
SHP0662,SUP019,Germany,LNG,33972,14203,4.47,14,74.46,8.71,4.3,75,0.57,4,20,0.46,5,322669.79,784764.09,0
SHP0663,SUP008,Kuwait,Electronics,42800,1429,9.43,0,84.67,5.2,1.93,75,0.62,4,58,0.57,18,100330.84,267930.25,1
SHP0664,SUP048,Kuwait,Fertilizer,31508,12451,5.88,11,97.14,4.24,7.32,28,0.95,10,47,0.59,28,281611.57,1027055.12,1
SHP0665,SUP045,Qatar,Electronics,6347,4199,9.46,2,89.17,5.83,3.7,15,0.56,6,46,0.45,9,173770.93,350101.84,0
SHP0666,SUP001,Qatar,Fertilizer,31314,10155,2.98,10,100.99,7.46,3.42,77,0.87,7,21,0.46,4,261734.53,475256.0,0
SHP0667,SUP022,Kuwait,Petrochemicals,3643,11967,7.53,1,108.74,4.99,9.98,16,0.87,3,50,0.69,18,260742.69,924974.14,1
SHP0668,SUP017,Saudi Arabia,Electronics,41785,13620,6.56,15,106.24,9.45,8.72,39,0.9,6,26,0.74,19,303377.48,1151618.22,1
SHP0669,SUP007,UAE,Fertilizer,19681,1554,7.65,8,104.15,3.65,4.67,67,0.93,3,8,0.48,14,17792.41,330397.88,0
SHP0670,SUP025,Singapore,Petrochemicals,39328,6244,2.93,14,119.89,5.28,9.82,72,0.63,2,23,0.38,17,209863.76,622155.51,0
SHP0671,SUP045,Germany,LNG,16892,2400,6.98,11,71.17,7.81,6.85,61,0.61,5,6,0.73,11,139257.99,310034.72,1
SHP0672,SUP004,UAE,Fertilizer,48299,10149,5.48,0,117.2,7.2,7.68,17,0.73,3,43,0.56,24,245027.51,1088790.19,1
SHP0673,SUP036,Iraq,LNG,18073,7480,7.69,12,88.81,8.77,1.28,27,0.63,2,13,0.49,11,223254.15,723336.99,0
SHP0674,SUP006,Singapore,LNG,37768,7569,3.94,13,106.78,9.97,2.09,87,0.86,8,23,0.45,2,234583.02,460643.37,0
SHP0675,SUP031,Singapore,Crude Oil,31682,10091,9.01,7,79.56,4.84,6.7,43,0.81,4,20,0.62,4,222729.67,598209.15,1
SHP0676,SUP019,China,Electronics,33262,3915,1.76,7,81.37,2.0,9.09,84,0.93,6,58,0.18,5,181662.02,318706.26,0
SHP0677,SUP044,Saudi Arabia,Fertilizer,32358,942,8.26,11,104.93,1.27,6.61,16,0.54,5,29,0.46,10,92720.19,389895.19,0
SHP0678,SUP039,Saudi Arabia,LNG,15289,12342,8.75,0,66.07,7.54,2.21,38,0.95,9,52,0.54,18,335320.05,1024725.28,0
SHP0679,SUP027,Singapore,Crude Oil,8927,6718,8.36,10,109.84,8.87,2.04,75,0.64,4,22,0.71,4,159725.63,568143.89,1
SHP0680,SUP010,China,Petrochemicals,49330,5152,5.61,7,113.9,2.99,8.6,79,0.74,6,27,0.31,2,175781.93,255691.51,0
SHP0681,SUP026,Germany,Fertilizer,2171,8439,4.95,9,97.67,2.43,2.25,35,0.71,10,57,0.37,12,225530.44,528393.1,0
SHP0682,SUP019,Singapore,LNG,12918,8333,9.97,18,97.13,1.56,5.68,66,0.87,5,25,0.62,22,226479.61,789744.05,1
SHP0683,SUP039,India,Electronics,42903,9870,3.06,10,82.5,8.4,1.33,17,0.71,9,15,0.24,11,265149.93,657220.31,0
SHP0684,SUP003,Qatar,Crude Oil,40110,8097,5.92,6,105.12,3.8,1.73,35,0.96,1,43,0.22,5,331785.82,665302.79,0
SHP0685,SUP045,Qatar,LNG,12929,14825,7.04,10,100.21,4.62,7.05,6,0.94,2,45,0.67,22,360669.98,1254891.37,1
SHP0686,SUP013,UAE,Electronics,3539,4958,7.31,16,81.18,5.52,7.2,19,0.93,1,8,0.49,22,154915.21,624154.35,0
SHP0687,SUP050,Iraq,LNG,37727,7091,2.84,0,89.13,8.56,4.07,61,0.53,2,29,0.69,6,166056.01,555391.12,1
SHP0688,SUP028,Qatar,Fertilizer,46951,9949,6.89,20,92.61,6.86,2.94,79,0.92,0,36,0.36,9,196466.81,664491.89,0
SHP0689,SUP020,Oman,Fertilizer,23669,12326,8.37,20,89.11,6.54,8.32,38,0.88,7,34,0.67,12,328263.82,1019755.17,1
SHP0690,SUP028,UAE,Fertilizer,6432,10533,1.45,7,74.56,2.58,2.95,72,0.55,5,49,0.19,4,232838.48,573279.88,0
SHP0691,SUP008,Qatar,Crude Oil,21644,2809,9.2,5,105.49,5.62,5.88,79,0.55,1,30,0.59,7,213078.75,126561.07,1
SHP0692,SUP041,Iraq,Fertilizer,19745,14638,1.27,17,91.35,7.44,9.71,33,0.55,7,40,0.5,17,362610.35,1053224.89,0
SHP0693,SUP039,Saudi Arabia,Electronics,29228,6768,4.2,5,95.23,9.76,2.33,70,0.51,5,55,0.53,8,208254.78,465084.57,0
SHP0694,SUP001,Saudi Arabia,LNG,35521,1410,1.14,4,86.33,2.81,9.47,20,0.77,6,38,0.3,7,106267.87,76177.34,0
SHP0695,SUP003,Germany,Petrochemicals,32703,4840,1.69,12,102.13,1.09,2.65,43,0.98,10,13,0.06,2,180943.3,340591.18,0
SHP0696,SUP013,Singapore,Electronics,27928,13329,9.2,18,97.98,1.68,6.11,81,0.71,0,16,0.58,17,297468.99,1148921.88,1
SHP0697,SUP028,India,Electronics,19322,4509,4.19,7,113.19,4.38,4.39,41,0.76,6,6,0.42,20,119168.92,513201.57,0
SHP0698,SUP049,Saudi Arabia,Fertilizer,23360,7128,4.82,8,102.21,8.38,9.68,85,0.97,2,42,0.62,18,193551.45,813671.04,1
SHP0699,SUP025,China,Crude Oil,30055,2669,2.94,16,91.96,1.06,3.46,25,0.63,10,9,0.25,9,121059.31,252786.92,0
SHP0700,SUP033,Qatar,LNG,43891,2672,6.37,2,83.9,5.11,4.6,48,0.92,7,9,0.53,15,95781.48,431128.14,0
